id,place_id,name,sub_area,latitude,longitude,address,contact,is_closed,area,description,phone,reservation,hours_text,holiday_note,hours_mon,hours_tue,hours_wed,hours_thu,hours_fri,hours_sat,hours_sun,link_website,link_instagram,link_x,link_tabelog,dog_indoor,dog_terrace,dog_large,dog_menu,dog_size_limit,dog_note,info_verified,insta_note,insta_note_date
beef0000-0000-4000-8000-000000000001,,WHAT CAFE,天王洲アイル,35.62160,139.74920,東京都品川区東品川2-1-11,,false,tokyo,アートギャラリー併設のカフェ。店内・テラスともペット同伴可。,,,11:00〜18:00（カフェL.O.17:30程度）,不定休（展示入れ替え・貸切で休館あり）,,,,,,,,https://cafe.warehouseofart.org/,@whatcafe_terrada,,,true,true,false,,小型・中型（抱っこ・カート推奨）,,2026-07-05,,
beef0000-0000-4000-8000-000000000002,,T.Y.HARBOR,天王洲アイル,35.62291,139.74731,東京都品川区東品川2-1-3,,false,tokyo,運河沿いのブルワリーレストラン。テラス席で犬同伴可。,,,ランチ 11:30〜15:00 / ディナー 17:30〜23:00 など,年中無休,,,,,,,,https://www.tyharborbrewing.co.jp/tyharbor/,@tyharbor_brewery,,,false,true,,,,,2026-07-05,,
beef0000-0000-4000-8000-000000000003,,炭火×薪火×レストラン RIDE 品川 天王洲店,天王洲アイル,35.62263,139.74878,東京都品川区東品川2-2-24 天王洲セントラルタワーキャナルガーデン1F,,false,tokyo,広いテラス・ドームテント・コタツ席のあるレストラン。屋外席は全て犬OK。,,,ランチ・ディナー営業（詳細は公式サイトで要確認）,年中無休（ビル営業日に準ずる想定）,,,,,,,,https://ride-tennoz.com/,,,,false,true,,,,,2026-07-05,,
beef0000-0000-4000-8000-000000000004,,breadworks 天王洲,天王洲アイル,35.62240,139.74790,東京都品川区東品川2-1-6,,false,tokyo,運河沿いのベーカリーカフェ。テラス席ペット同伴可。,,,10:00〜22:00程度（要公式確認）,不定休（施設営業日に準ずる）,,,,,,,,https://www.tyharborbrewing.co.jp/breadworks/,,,,false,true,,,,,2026-07-05,,
beef0000-0000-4000-8000-000000000005,,Le Calin（ルカラン）,天王洲アイル,35.62220,139.74800,東京都品川区東品川2-1-6,,false,tokyo,天王洲アイルのペット可カフェ。,,,ランチ・ディナー営業（詳細はホットペッパーで要確認）,不定休,,,,,,,,,,,,,true,,,,,2026-07-05,,
beef0000-0000-4000-8000-000000000006,,Monsoon Cafe 代官山,代官山,35.64700,139.70650,東京都渋谷区鉢山町15-4,,false,tokyo,代官山の緑豊かな一軒家で楽しむエスニックダイニング。テラス席と店内入口付近の一部席で犬同伴が可能。,050-5444-9110,,11:30〜23:30(フードL.O.23:00・ドリンクL.O.23:00)※平日ランチ11:30〜15:00,,,,,,,,,https://monsoon-cafe.jp/daikanyama/,,,,true,true,true,,店内は入口付近の一部席のみ犬同伴可(奥は不可),テラス席は屋根なし,2026-07-16,,
beef0000-0000-4000-8000-000000000007,,MID TREE 代官山,代官山,35.65060,139.70320,東京都渋谷区代官山町20-23 フォレストゲート代官山 MAIN棟1F,,false,tokyo,フォレストゲート代官山内のオールデイズカフェ&レストラン。店内は小型・中型犬同伴可・大型犬はテラス席限定。,03-6416-9760,,11:00〜23:00(L.O.料理22:30),不定休,,,,,,,,https://midtree.jp/shop/daikanyama/,,,,true,true,,,大型犬はテラス席のみ利用可(店内は小型・中型犬)・1グループ2頭まで,,2026-07-16,,
beef0000-0000-4000-8000-000000000008,,カフェ・ミケランジェロ,代官山,35.64970,139.69880,東京都渋谷区猿楽町29-3,,false,tokyo,代官山蔦屋書店の向かいにある老舗イタリアンレストラン。店内・テラスとも犬同伴可能で大型犬も可。,03-3770-9517,,平日11:00〜22:00(L.O.21:15)・土日祝10:30〜22:00(L.O.21:15)※15:00〜17:30はカフェ営業のみ,水曜定休(祝日の場合は翌日振替),,,,,,,,https://www.hiramatsurestaurant.jp/michelangelo/,,,,true,true,true,,,,2026-07-16,,
beef0000-0000-4000-8000-000000000009,,IVY PLACE,代官山,35.65000,139.69950,東京都渋谷区猿楽町16-15(代官山T-SITE内),,false,tokyo,代官山蔦屋書店に隣接するカフェ・ダイニング。緑に囲まれたテラス席のみ犬同伴可能(店内は不可)。,03-6415-3232,,8:00〜23:00,,,,,,,,,https://www.tysons.jp/ivyplace/,,,,false,true,,,,テラス席は予約制(電話のみ・ネット予約不可),2026-07-16,,
beef0000-0000-4000-8000-000000000010,,ブルーボトルコーヒー 代官山カフェ,代官山,35.65065,139.70310,〒150-0034 東京都渋谷区代官山町20-23 フォレストゲート代官山 MAIN棟1階,,false,tokyo,サステナブルをコンセプトにしたブルーボトルコーヒーの店舗。店内の一部席とテラス席で犬同伴可能・大型犬はテラス限定。,,,8:00〜20:00(月〜日),,,,,,,,,https://store.bluebottlecoffee.jp/pages/daikanyama,,,,true,true,,,大型犬はテラス席のみ(1グループ3頭まで),,2026-07-16,,
beef0000-0000-4000-8000-000000000011,,BONTA ITALIA(ボンタイタリア),代官山,35.64780,139.70150,〒150-0033 東京都渋谷区猿楽町12-35 t+Daikanyama 1F,,false,tokyo,ローマ風生地「ピンサ」の専門店。店内・テラスとも犬同伴可能で大型犬も可。,03-6455-2629,,水・木11:00〜21:00・金土日11:00〜22:00,月・火定休,,,,,,,,https://www.bontaitalia.co/daikanyama,,,https://tabelog.com/tokyo/A1303/A130303/13257400/,true,true,true,,,,2026-07-16,,
beef0000-0000-4000-8000-000000000012,,vegewest Cafe & WineBar(代官山vegewest),代官山,35.65200,139.70100,〒150-0034 東京都渋谷区代官山町13-4 セレサ代官山1F,,false,tokyo,新鮮野菜にこだわる八百屋に併設されたカフェ&ワインバー。店内で大型犬も同伴可能。,03-6427-0710,,カフェ11:00〜17:30・ワインバー17:30〜23:30(L.O.),年末年始・不定休,,,,,,,,https://vegewest.jp/,,,,true,,true,,,,2026-07-16,,
beef0000-0000-4000-8000-000000000013,,CIRTY CAFE(サーティーカフェ),代官山,35.65040,139.70270,東京都渋谷区代官山町20-12(フォレストゲート代官山 TENOHA棟),,false,tokyo,フォレストゲート代官山TENOHA棟にあるサーキュラーコンセプトのカフェ。店内・テラスとも大型犬まで同伴可能な紹介あり。,,,CAFE・SHOP 10:00〜17:30・BAR 18:00〜23:00,,,,,,,,,https://cirty.jp/,,,,true,true,true,,,,2026-07-16,,
beef0000-0000-4000-8000-000000000160,,DOG DEPT + CAFE 浅草隅田川テラス店,浅草・蔵前,35.70860,139.79720,東京都台東区駒形2-1-30 1F,,false,tokyo,隅田川沿い・スカイツリー方面を望むドッグウェアブランド運営のカフェ。店内での犬同伴可能な席がある。,03-5828-3936,,平日12:00〜16:00・17:00〜21:00／土11:00〜21:00／日祝11:00〜20:00,火曜定休,,,,,,,,https://www.dogdept.com/shoplist/area03_21.html,,,,true,,,true,,,2026-07-17,,
beef0000-0000-4000-8000-000000000161,,La VASARA CAFE&GRILL,浅草・蔵前,35.71460,139.79380,東京都台東区浅草2-1-3,,false,tokyo,浅草寺裏にある隠れ家風イタリアンバル。屋根付きテラス席で犬と食事ができる。,03-6231-7838,,11:30〜23:00,年中無休,,,,,,,,,,,,,true,,,,,2026-07-17,,
beef0000-0000-4000-8000-000000000162,,FUGLEN ASAKUSA,浅草・蔵前,35.71350,139.79320,東京都台東区浅草2-6-15,,false,tokyo,隅田川近くにあるノルウェー発のコーヒー&ワッフル店。テラス席のみ犬同伴可能。,,,月〜木8:00〜21:00（L.O.20:30）／金〜日・祝8:00〜23:00（L.O.22:30）,,,,,,,,,https://fuglencoffee.jp/en/pages/fuglen-asakusa,,,,false,true,true,,,,2026-07-17,,
beef0000-0000-4000-8000-000000000163,,Paradise Poke蔵前,浅草・蔵前,35.70400,139.79000,東京都台東区蔵前2-4-8,,false,tokyo,蔵前駅近くのポキボウル専門店。混雑時を除き店内で犬と食事ができる。,050-5571-0519,,,,,,,,,,,,,,,true,,true,,,混雑状況により店内同伴に制限がある場合がある（出典記載）,2026-07-17,,
beef0000-0000-4000-8000-000000000164,,まるごとVeganダイニング浅草,浅草・蔵前,35.71180,139.79780,東京都台東区花川戸1-3-13 矢吹ビル1階,,false,tokyo,浅草・隅田公園近くのヴィーガン料理専門レストラン。店内で犬（大型犬含む）と食事ができる。,,,火11:30〜15:00／水〜日11:30〜15:00・18:00〜20:30,月曜定休,,,,,,,,https://dining.marugotovegan.com/,,,,true,true,true,,,,2026-07-17,,
beef0000-0000-4000-8000-000000000165,,marble,浅草・蔵前,35.69950,139.78870,東京都台東区蔵前4-1-4,,false,tokyo,蔵前と浅草橋の境にあるスイーツカフェ。イートイン時はカートやドッグバッグに入れれば犬同伴可能。,,,9:00〜19:00（L.O.18:30）,年中無休（年末年始を除く）,,,,,,,,,,,https://tabelog.com/en/tokyo/A1311/A131103/13275522/,true,,,,イートイン時はカート・ドッグバッグに入れられるサイズに限る（テイクアウトはそのまま入店可）,,2026-07-17,,
beef0000-0000-4000-8000-000000000166,,Pretty Good - coffee & donut,浅草・蔵前,35.69750,139.78620,東京都台東区柳橋2-20-13 HOTEL OUROUR 1F,,false,tokyo,柳橋のホテル併設ドーナツ&コーヒー店。入口付近の一部店内席とテラス席で犬同伴可能。,03-5829-6470,,9:00〜18:00,,,,,,,,,https://ourour.jp/pretty-good/,,,,true,true,,false,,店内は入口付近の一部席のみ犬同伴可,2026-07-17,,
beef0000-0000-4000-8000-000000000167,,EZO DELI,浅草・蔵前,35.69750,139.78850,東京都台東区浅草橋1-26-6 イチホテル浅草橋1F,,false,tokyo,犬同伴歓迎のホテル「イチホテル浅草橋」に併設されたカフェ。店内で犬と食事ができる。,,,,,,,,,,,,,,,,true,,true,true,,,2026-07-17,,
beef0000-0000-4000-8000-000000000100,,バーガーマニア 恵比寿店,恵比寿・広尾,35.64593,139.71322,東京都渋谷区恵比寿4-9-5 マンションニュー恵比寿1F,,false,tokyo,恵比寿駅東口近くにある厚切りパティが評判のハンバーガー店。店内・テラスとも犬同伴で利用できる。,03-6277-4221,,11:00〜22:00,無休,,,,,,,,https://maniacorporation.com/burger-mania,,,https://tabelog.com/tokyo/A1303/A130302/13166437/,true,true,true,,,,2026-07-17,,
beef0000-0000-4000-8000-000000000101,,バーガーマニア 広尾店,恵比寿・広尾,35.65183,139.72249,東京都港区南麻布5-15-25 六幸館2F,,false,tokyo,広尾駅前にあるハンバーガー専門店。テラス席と奥のソファー席を含む店内全席が犬同伴で利用できる。,03-5422-7899,,月〜金11:30〜23:00(L.O.22:00)・土祝11:00〜23:00(L.O.22:00)・日11:00〜22:00(L.O.21:30),第3月曜定休(祝日の場合は翌火曜),,,,,,,,https://maniacorporation.com/burger-mania,,,https://tabelog.com/tokyo/A1307/A130703/13123717/,true,true,,,,,2026-07-17,,
beef0000-0000-4000-8000-000000000102,,Areverie TERRACE Ebisu(アレヴェリー テラス エビス),恵比寿・広尾,35.65000,139.71270,東京都渋谷区広尾1-1-39 プライムスクウェアタワー1F,,false,tokyo,恵比寿駅近くのアメリカンダイナー風カフェ&ダイニングバー。店内・テラスとも犬同伴可で犬用メニューも用意する。,03-5464-3721,,月〜木・日・祝11:30〜22:00・金土11:30〜翌0:00,,,,,,,,,https://areverieterrace.owst.jp/,@areverie_terrace,,,true,true,,true,,大型犬可否は出典間で記載に差あり(公式サイト・petokotoは犬種を限定せず同伴可、doghuggyは小型犬の店内利用のみ記載)。要個別確認,2026-07-17,,
beef0000-0000-4000-8000-000000000103,,BONDI CAFE 広尾店(ボンダイカフェ広尾店),恵比寿・広尾,35.65140,139.72299,東京都港区南麻布5-15-9 バルビゾン70 1F,,false,tokyo,広尾駅から徒歩1分、オーストラリアの海辺をイメージした開放的なカフェ。店内・テラスとも犬同伴可能。,03-5422-9449,,9:00〜23:00(L.O.22:00・ドリンクL.O.22:20),年末年始休,,,,,,,,,,,https://tabelog.com/tokyo/A1307/A130703/13108192/,true,true,,true,,犬用マットの貸出あり(dog-eats.tokyoより),2026-07-17,,
beef0000-0000-4000-8000-000000000104,,evergreen cafe restaurant EBISU(エヴァーグリーン カフェ レストラン エビス),恵比寿・広尾,35.64270,139.71194,東京都渋谷区恵比寿南1-26-1 恵比寿南一公園内 1F/2F,,false,tokyo,恵比寿南一公園内にあるペットウェルカムを掲げるカフェレストラン。店内での犬同伴可能で犬用メニューもある。,03-6452-2659,,ランチ11:30〜17:00(L.O.16:30)・ディナー18:00〜21:00(L.O.20:30),,,,,,,,,https://evergreen-pet.com/,,,,true,,true,true,,,2026-07-17,,
beef0000-0000-4000-8000-000000000105,,天現寺カフェ,恵比寿・広尾,35.64738,139.72399,〒106-0047 東京都港区南麻布4-12-2 ピュアーレ広尾1F,,false,tokyo,南麻布のソファー席主体の落ち着いたカフェ。グリーンに囲まれたテラス席のみ犬同伴可能。,03-5475-6788,,11:00〜22:00,年中無休,,,,,,,,https://tengenjicafe.jp/,,,,false,true,,,,,2026-07-17,,
beef0000-0000-4000-8000-000000000106,,薬膳&米粉カフェ やまのひつじ,恵比寿・広尾,35.64780,139.70583,東京都渋谷区恵比寿西1-26-2,,false,tokyo,恵比寿と代官山の間の住宅街にある薬膳と米粉スイーツの隠れ家カフェ。看板犬がいる店内に小型・中型犬まで同伴可能。,,,火・水・土・日11:30〜15:00,月・木・金定休,,,,,,,,https://hitsuzi.chagasi.com/,,,,true,,false,,大型犬は不可(小型・中型犬のみ),看板犬のこむぎが犬が少し苦手なため、無理に近づいたり触ったりしないよう案内あり(wankonowaより),2026-07-17,,
beef0000-0000-4000-8000-000000000107,,セガフレード・ザネッティ・エスプレッソ 広尾店,恵比寿・広尾,35.65118,139.72343,〒106-0047 東京都港区南麻布5-16-7 H・T南麻布ビルV 1・2F,,false,tokyo,広尾駅近くのイタリアンスタイルのエスプレッソカフェ。開放的なテラス席のみ犬同伴が可能。,,,7:00〜22:30,,,,,,,,,https://www.segafredo.jp/shop/hiroo/,,,,false,true,,,,,2026-07-17,,
beef0000-0000-4000-8000-000000000020,,bills 二子玉川,二子玉川,35.61270,139.62500,〒158-0094 東京都世田谷区玉川2-27-5 玉川高島屋S・Cマロニエコート3F,,false,tokyo,玉川高島屋内にあるオーストラリア発のカフェ&レストラン。国内bills屈指の広さのテラス席が特徴で、犬同伴可否については出典によって案内が分かれている。,03-3708-3377,,8:30〜21:00(フードL.O.20:00・ドリンクL.O.20:30),,,,,,,,,https://www.billsjapan.com/en/locations/futakotamagawa,,,,,,,,,出典間で情報が対立: 公式サイト・「ペット可まとめ」等はテラス席でのペット同伴可(補助犬以外は要問合せ)と案内する一方、一休.comの店舗情報欄は「同伴不可」と明記。運営側での実地確認を推奨(単独の否定情報のため未登録のまま可否欄は空欄とした)。,2026-07-17,,
beef0000-0000-4000-8000-000000000021,,RIGOLETTO spice market,二子玉川,35.61130,139.62800,〒158-0094 東京都世田谷区玉川2-21-1 二子玉川ライズ・ショッピングセンター ステーションマーケット1F,,false,tokyo,二子玉川ライズ内、大航海時代の香辛料交易をテーマにしたネオビストロ。看板に「PET WELCOME」と掲げ、テラス席で犬同伴が可能。,03-5491-4470,,11:00〜23:00(フードL.O.22:00・ドリンクL.O.22:30),,,,,,,,,,,,,,true,,,,,2026-07-17,,
beef0000-0000-4000-8000-000000000022,,CHICHICAFE,二子玉川,35.60850,139.62950,東京都世田谷区玉川1-2-8,,false,tokyo,二子玉川駅から徒歩7〜8分、緑に囲まれた一軒家風のカフェ&かき氷店。テラス席で犬同伴が可能。,03-6411-7958,,月・火・水11:00〜22:00(L.O.21:00)・木〜日・祝8:30〜22:00(L.O.21:00),不定休,,,,,,,,,,,,,true,,,,出典間で差異あり: 1件は「テラス席(12〜2月は店内も利用可)・大型犬も対応」と紹介する一方、他の2件はテラス席限定とのみ案内(季節限定の店内可否・大型犬対応は未確認)。,2026-07-17,,
beef0000-0000-4000-8000-000000000023,,Cafe Lisette 二子玉川店,二子玉川,35.60980,139.62380,東京都世田谷区玉川3-9-7,,false,tokyo,食べログカフェ百名店にも選ばれた二子玉川の人気カフェ。テラス席で犬同伴が可能。,03-5717-3779,,平日11:30〜18:00(L.O.17:30)・土日祝11:00〜18:00(L.O.17:30),,,,,,,,,,,,,,true,,,,単独出典(食べログ英語版のペット可表示)のみでの確認のため、要重点検証。,2026-07-17,,
beef0000-0000-4000-8000-000000000024,,Bleue Blanche（ブルーブランシュ）,二子玉川,35.60930,139.62350,東京都世田谷区玉川3-12-13 朋友プラッツ(PLATSビル)1F,,false,tokyo,1993年創業、地元で「B.B.」と呼ばれ親しまれるイタリアン&フレンチ。通常はテラス席のみ犬同伴可能で、月に数日の「わんちゃんデー」に限り小型犬は店内にも同伴できる。,03-3708-5012,,日・月・祝11:30〜23:00・火水木11:30〜24:00・金土・祝前日11:30〜25:00,,,,,,,,,,,,,true,true,,,「わんちゃんデー」の店内同伴は小型犬のみ(中型犬・大型犬・ヒート中は不可),店内同伴可能日は毎月1日・11日・21日(出典により31日も)。トイレのしつけ・ワクチン証明・無駄吠えのしつけ・リード使用・カフェマット持参が条件(出典による)。それ以外の日はテラス席のみ同伴可。テラス席の犬サイズ制限の明記なし。,2026-07-17,,
beef0000-0000-4000-8000-000000000025,,Le Maghreb（ル・マグレブ）,二子玉川,35.60960,139.62370,東京都世田谷区玉川3-10-11 1F,,false,tokyo,二子玉川高島屋裏にある本格モロッコ料理店。テラス席で犬同伴が可能。,03-3709-2664,,曜日により異なる(例: 月11:30〜15:00・17:30〜22:30),,,,,,,,,,,,,,true,,,,出典間で差異あり: 2件はテラス席限定と案内する一方、食べログ英語版は「店内の一部・テラスともペット同伴可」と紹介。店内可否の詳細は未確認。,2026-07-17,,
beef0000-0000-4000-8000-000000000026,,Mallorca（マヨルカ）二子玉川,二子玉川,35.61100,139.62770,東京都世田谷区玉川1-14-1 二子玉川ライズ・ショッピングセンター テラスマーケット2F(公式店舗ページでは建物代表住所として玉川2-21-1と案内),,false,tokyo,1931年創業、スペイン王室御用達の老舗グルメストアが展開するカフェ。テラスマーケット前のテラス席で犬同伴が可能。,03-6432-7220,,物販9:00〜20:00・カフェ9:00〜22:00(L.O.21:00),,,,,,,,,,,,,,true,,,,テラス席は暖房器具(屋外ヒーター)を完備との紹介あり(出典による)。,2026-07-17,,
beef0000-0000-4000-8000-000000000027,,Ron Herman Cafe 二子玉川店,二子玉川,35.61400,139.62150,東京都世田谷区玉川4-1-25 玉川高島屋S・Cアイビーズプレイス3F,,false,tokyo,玉川高島屋アイビーズプレイス最上階、緑に囲まれたウッドデッキテラスが特徴のカフェ。テラス席で犬同伴が可能。,050-5592-2657,,10:00〜20:00(フードL.O.19:00・ドリンクL.O.19:30),,,,,,,,,,,,,,true,,,,犬用の水やリードフックを用意しているとの紹介あり(出典による)。,2026-07-17,,
beef0000-0000-4000-8000-000000000014,,自由が丘 カスタネット,自由が丘,35.60550,139.66980,東京都目黒区自由が丘2-9-23 ラポール自由が丘1F,,false,tokyo,40年以上続く自由が丘の老舗イタリアン。テラス席に加えて店内の一部でも犬同伴が可能。,03-3723-9239,,11:00〜23:30,,,,,,,,,https://jiyugaoka-castanet.favy.jp/,,,https://tabelog.com/tokyo/A1317/A131703/13003273/,true,true,,,,公式は「テラスだけでなく店内一部わんちゃんOK」と案内(口コミでは店内全エリアOKとする紹介もあり・要現地確認),2026-07-17,,
beef0000-0000-4000-8000-000000000015,,JIYUGAOKA BURGER(自由が丘バーガー),自由が丘,35.60780,139.66830,〒152-0035 東京都目黒区自由が丘1-3-15 BISビル4F,,false,tokyo,国産無農薬野菜や北海道産牛100%パテにこだわるハンバーガー店。屋上テラス席でのみ愛犬と食事ができる。,050-5485-3534,,月〜金11:00〜21:00(L.O.20:30)・土日祝10:00〜21:00(L.O.20:30),,,,,,,,,https://ghzt100.gorp.jp/,,,,false,true,,,,屋上テラス席のみ犬同伴可・店内不可(公式は詳細は問合せ要とのみ案内),2026-07-17,,
beef0000-0000-4000-8000-000000000016,,SHUTTERS 自由が丘,自由が丘,35.60380,139.66580,〒158-0083 東京都世田谷区奥沢5-27-15 自由が丘ソレイユビル,,false,tokyo,世田谷区奥沢の老舗イタリアン。テラス席限定で犬種を問わずペット同伴可能。,03-3717-0111,,,,,,,,,,,https://www.ys-int.com/jiyugaoka.html,,,,false,true,true,,,犬同伴可能な席はテラスの4テーブル・8席に限定(予約可),2026-07-17,,
beef0000-0000-4000-8000-000000000017,,LATTE GRAPHIC 自由が丘店,自由が丘,35.60720,139.66900,〒152-0035 東京都目黒区自由が丘1丁目8-18 自由が丘ノーブル2F,,false,tokyo,オーストラリアのカフェ文化を取り入れた自由が丘の人気カフェ。テラス席限定で犬同伴可能。,03-6421-2242,,7:00〜22:30(L.O.22:00),,,,,,,,,https://lattegraphic.co.jp/shoplist/shoplist-2-351/,,,,false,true,,true,,テラス席限定・店内不可・ワンちゃん用メニュー(300円)あり,2026-07-17,,
beef0000-0000-4000-8000-000000000018,,TRATTORIA Mocco,自由が丘,35.60320,139.66480,東京都世田谷区奥沢6-33-8,,false,tokyo,自由が丘駅南口徒歩3分、隠れ家的な本格イタリアン。店内入口側の限られた席のみ犬同伴可能。,050-5485-2419,,月〜金17:00〜24:00・土日ランチ11:30〜15:00・ディナー17:00〜23:00,,,,,,,,,https://tramocco.gorp.jp/,,,,true,,true,,店内は入口側4人掛け×4席のみ犬同伴可(奥のエリアは不可),店内が狭いため大型犬は注意との紹介あり,2026-07-17,,
beef0000-0000-4000-8000-000000000019,,Plus veganique(プラスヴィーガニック自由が丘),自由が丘,35.60980,139.66630,東京都目黒区自由が丘1-19-23,,false,tokyo,自由通り沿いのオーガニック&ヴィーガン一軒家カフェ。ソファ席1席限定で小型犬のみ同伴可能。,090-9823-8310,,ランチ12:00〜15:00・ディナー17:00〜23:00(L.O.21:00),,,,,,,,,https://www.plus-veganique.com/,,,,true,,,,小型犬のみ(ソファ席1席限定),該当席は1席のみのため要予約推奨。犬同伴席の階は出典間で相違あり(dog-eats=上階寄り/hachidory=1階)・要現地確認,2026-07-17,,
beef0000-0000-4000-8000-000000000040,,八十八夜 吉祥寺店,吉祥寺,35.70180,139.57780,〒180-0005 東京都武蔵野市御殿山1-2-1 御殿山デュープレックスR's 2F,,false,tokyo,吉祥寺通り沿いの和モダンな創作和食ダイニング。犬同伴は公式サイトの案内ではテラス席限定。,0422-24-9490,,11:00〜13:00・13:30〜15:30(ランチ2部制)・17:00〜22:00(ディナー)※日曜はランチのみ,年末年始(12/31〜1/3)休業,,,,,,,,https://88ya.jp/,,,,false,true,true,,テラス席のみ犬同伴可(店内不可・公式サイト記載)。大型犬もテラスなら可との専門サイト記載あり,出典間で「店内も同伴可」とする専門サイトの記載もあり、公式サイトの現行案内(テラス限定)と相違があるため要確認,2026-07-17,,
beef0000-0000-4000-8000-000000000041,,The House of Hounds by fäfä,吉祥寺,35.70140,139.57760,東京都武蔵野市御殿山1-3-3 A＊G INOKASHIRA-KOEN West棟2F,,false,tokyo,井の頭公園沿いにある、ベビー・キッズブランドfäfä発の犬同伴カフェ&ブティック。ドッグメニューあり。,070-6489-2020,,9:00〜18:00,,,,,,,,,,@thehohbyfafa,,,true,true,true,true,大型犬はテラス・屋上席のみ(専門サイト記載),ワクチン接種済みの犬のみ・ヒート中の犬は同伴不可(専門サイト記載),2026-07-17,,
beef0000-0000-4000-8000-000000000042,,ラ・ベファーナ 吉祥寺,吉祥寺,35.70130,139.57920,東京都武蔵野市吉祥寺南町1-10-11,,false,tokyo,吉祥寺公園口近くの一軒家イタリアン。冬季もビニールシートで暖かいテラス席でのみ犬同伴可能。,050-3184-1685,,11:30〜15:00(L.O.14:30)・17:00〜23:00(L.O.22:00),,,,,,,,,https://akr2187802039.owst.jp/,,,,false,true,,,,,2026-07-17,,
beef0000-0000-4000-8000-000000000043,,Pizzeria&Trattoria GONZO 吉祥寺店,吉祥寺,35.70650,139.57940,〒180-0004 東京都武蔵野市吉祥寺本町2-12-6 グラニコビル1F,,false,tokyo,吉祥寺本町の本格ナポリピッツェリア。ビニールシート付きの暖かいテラス席でのみ犬同伴可能。,0422-27-2375,,11:00〜22:00(L.O.21:30)・金11:00〜23:00(L.O.22:00),無休(年末年始休),,,,,,,,,@gonzo_kichijoji,,,false,true,,,,ビニールシートで覆われたテラス席・ペットカート可(専門サイト記載),2026-07-17,,
beef0000-0000-4000-8000-000000000044,,カフェ・ドゥ・リエーヴル うさぎ館,吉祥寺,35.69850,139.57180,東京都武蔵野市御殿山1-19-43,,false,tokyo,井の頭公園の森の中にたたずむガレット専門の一軒家カフェ。店内で犬同伴の食事が可能。,0422-43-0015,,10:30〜19:30,年中無休,,,,,,,,,,,,true,,true,,,,2026-07-17,,
beef0000-0000-4000-8000-000000000045,,氷屋ぴぃす,吉祥寺,35.70240,139.57960,〒180-0003 東京都武蔵野市吉祥寺南町1-9-9,,false,tokyo,看板犬「ぴぃす」がいる吉祥寺の人気かき氷専門店。店内で犬同伴が可能。,,,火〜土10:00〜19:30・日・月10:00〜17:30,,,,,,,,,,,,,true,,true,,,,2026-07-17,,
beef0000-0000-4000-8000-000000000046,,SYUNA & BANI（シュナ＆バニ）,吉祥寺,35.70080,139.57900,〒180-0003 東京都武蔵野市吉祥寺南町1-15-7 2F,,false,tokyo,犬用品ショップに併設された小さなドッグカフェ。店内で犬同伴可能(出典により小型犬中心との記載あり)。,0422-49-0790,,11:00〜19:00(L.O.18:30),火曜定休,,,,,,,,https://www.syuna-bani.net/,,,,true,,,true,,出典により「大型犬OK」「入店範囲は小型犬」の記載に相違があり要確認,2026-07-17,,
beef0000-0000-4000-8000-000000000120,,CAFE TANTON（カフェタントン）,清澄白河・門前仲町,35.68100,139.79650,東京都江東区三好2-9-9-103,,false,tokyo,清澄白河駅近くの一軒家カフェ。店内全席で犬同伴が可能で、大型犬も歓迎されている。,03-6555-2995,,月・火10:00〜18:00／水〜金10:00〜21:00／土9:00〜21:00／日9:00〜18:00,,,,,,,,,,@cafe_tanton,,https://tabelog.com/tokyo/A1313/A131303/13257909/,true,,true,true,,リードフックあり・犬用の水/食事を提供,2026-07-17,,
beef0000-0000-4000-8000-000000000121,,iki Roastery & Eatery,清澄白河・門前仲町,35.68500,139.79650,東京都江東区常盤1-4-7,,false,tokyo,隅田川沿いの倉庫をリノベーションしたカフェ&イータリー。店内・テラスとも犬同伴が可能。,03-6659-2570,,平日8:00〜17:00(料理L.O.16:00)・土日8:00〜18:00(料理L.O.17:00),定休日は出典により記載が異なる(要確認),,,,,,,,https://iki-espresso.com/,@iki_espresso,,,true,true,,false,,大型犬・犬種条件は要問い合わせ(明記なし)。犬用メニューの提供はなし,2026-07-17,,
beef0000-0000-4000-8000-000000000122,,SUNNY's cafe＆surf（サニーズカフェ）,清澄白河・門前仲町,35.68200,139.79800,東京都江東区白河1-3-4,,false,tokyo,トリミングサロンを併設したカフェ。国産食材のベーグルやパニーニが人気で、店内・テラスとも犬同伴が可能。,03-5875-9558,,火〜日・祝11:00〜18:00,月曜定休,,,,,,,,,,,https://tabelog.com/tokyo/A1313/A131303/13251582/,true,true,,,大型犬は要相談(来店前に電話確認を店舗が案内),,2026-07-17,,
beef0000-0000-4000-8000-000000000123,,anea cafe Monnaka village（アネアカフェ門前仲町ビレッジ）,清澄白河・門前仲町,35.67150,139.79750,東京都江東区富岡2-9-11 東京門仲ビレッジ1F,,false,tokyo,観葉植物に囲まれたデザイナーズカフェ。店内・テラスとも犬同伴が可能で、リードフックやカフェマットが用意されている。,03-6458-5527,,11:30〜22:00(フードL.O.21:00・ドリンクL.O.21:30),年末年始のみ休業,,,,,,,,,@aneacafe_monnaka_village,,,true,true,,,,大型犬の受入れ度合いは出典により評価が分かれる(要個別確認),2026-07-17,,
beef0000-0000-4000-8000-000000000124,,プラスアルファキッチン（ラムと豪州ジビエバル）,清澄白河・門前仲町,35.67450,139.79450,東京都江東区門前仲町1-12-8 ミナミビル1F,,false,tokyo,カンガルーなど豪州ジビエ肉を扱うバル。テラス席2卓と店内入口側1卓に限り犬同伴が可能。,03-6458-8240,,ランチ(平日)11:40〜14:00・ディナー(月〜金)18:00〜24:30・ディナー(土日祝)17:00〜23:30,,,,,,,,,https://takatakeshi.wixsite.com/plus-alpha-kitchen,@plusalpha52,,https://tabelog.com/tokyo/A1313/A131303/13180864/,true,true,true,true,店内は入口側1卓のみ・テラスは2卓(合わせて少数のため事前予約が望ましい),カフェマット持参必須・ペット同伴は要予約(電話またはDM),2026-07-17,,
beef0000-0000-4000-8000-000000000125,,シャテール（chatiere）,清澄白河・門前仲町,35.67150,139.79200,東京都江東区永代2-23-7,,false,tokyo,門前仲町の完全予約制フレンチレストラン。犬はカート持参で店内に同伴が可能で、専用のドッグフレンチコースも用意されている。,03-3642-8672,,ランチ12:00〜15:30・ディナー18:00〜22:00(完全予約制),定休日なし(夏季・年末年始休あり),,,,,,,,https://chatiere-tokyo.com/,,,https://tabelog.com/tokyo/A1313/A131303/13008017/,true,,,true,入店にはペットカートが必要,ドッグフレンチ(犬種・年齢に応じた専用コース¥4500〜)は同伴時必ず注文,2026-07-17,,
beef0000-0000-4000-8000-000000000126,,CLANN BY THE RIVER（旧PITMANS）,清澄白河・門前仲町,35.67750,139.79600,東京都江東区清澄1-1-7 LYURO東京清澄 THE SHARE HOTELS 2F,,false,tokyo,隅田川沿いの複合ホテル内レストラン。ウッドテラス席に限り犬同伴が可能(店内は不可)。,,,7:00〜22:00(モーニング7:00-10:00・ブランチ10:00-11:30・ランチ11:30-15:00・カフェ15:00-17:00・ディナー17:00-22:00),月1回程度のメンテナンス休業あり(不定),,,,,,,,https://clannbytheriver.jp/,@clann_bytheriver,,https://tabelog.com/tokyo/A1313/A131303/13207479/,false,true,true,true,,テラスにリードフックあり・お水とドッグトリーツを提供,2026-07-17,,
beef0000-0000-4000-8000-000000000127,,PIZZERIA PICCHI（ピッツェリア ピッキ）,清澄白河・門前仲町,35.67400,139.79950,東京都江東区冬木6-18,,false,tokyo,薪窯焼きナポリピッツァが自慢の一軒家イタリアン。テラス席に限り犬同伴が可能。,03-5639-1285,,ランチ11:30〜14:00(L.O.)・ディナー17:30〜22:00(L.O.),月曜定休,,,,,,,,https://pizzeriapicchi.jp/index.html,,,,false,true,,,,,2026-07-17,,
beef0000-0000-4000-8000-000000000060,,BLACK TERRACE,中目黒,35.64610,139.69470,東京都目黒区青葉台3-1-12 青葉台イーストビル4F,,false,tokyo,目黒区青葉台の高架下エリアにあるカリフォルニア料理レストラン。店内・テラスとも犬同伴可能で犬用メニューも用意。,03-6416-3894,,火〜金11:00〜15:00・18:00〜23:00(土日祝は18:00〜22:00),月曜・毎月最終日曜定休,,,,,,,,https://www.black-terrace.jp/,@black_terrace,,,true,true,true,true,ソファ・イス着席は体重7kg以下の犬のみ(キャリー・膝上限定)・それ以外は床上でリード対応,来店時は事前連絡必須・1グループ原則3頭まで・店内はリードを短く持つかキャリー使用・テラス席は会員制,2026-07-17,,
beef0000-0000-4000-8000-000000000061,,Onigily Cafe(オニギリーカフェ),中目黒,35.64790,139.69750,東京都目黒区中目黒3-1-4,,false,tokyo,特Aランク米のおにぎりを楽しめる専門カフェ。店内はどの席も犬同伴可能。,03-5708-5342,,8:00〜16:00,不定休,,,,,,,,http://onigily.com/onigily-cafe/,,,https://tabelog.com/tokyo/A1317/A131701/13173987/,true,true,true,false,,カート利用は入口付近の席のみ・犬用メニュー/お水サービスなし,2026-07-17,,
beef0000-0000-4000-8000-000000000062,,& OIMO TOKYO CAFE 中目黒店,中目黒,35.64320,139.69580,東京都目黒区青葉台1-14-4 CONTRAL nakameguro 1F,,false,tokyo,お芋スイーツ専門のアトリエ風カフェ。テラス席は犬同伴可能・店内は入口付近の一部席のみ。,,,平日9:00〜18:00・土日祝9:00〜19:00,,,,,,,,,https://www.oimotokyo.com/pages/nakameguro,,,https://tabelog.com/tokyo/A1317/A131701/13260371/,true,true,,true,店内は入口付近の一部席のみ(要予約推奨),,2026-07-17,,
beef0000-0000-4000-8000-000000000063,,ROJU NAKAMEGURO,中目黒,35.64520,139.69710,東京都目黒区中目黒1丁目9-3,,false,tokyo,築33年の倉庫をリノベーションした天井高4.2mのカフェ&レンタルスペース。,,,10:00〜20:00,,,,,,,,,http://www.roju.jp/places/roju-nakameguro/,@roju__official,,,,true,,,イスの上はNG・犬種は要問い合わせ,店内同伴可否は出典間で相違: wankonowa・odekake・imakoappは店内可、いぬなび(inunavi)はテラス席のみ・店内不可と明記。要一次確認,2026-07-17,,
beef0000-0000-4000-8000-000000000064,,BONDI CAFE Nakameguro,中目黒,35.64470,139.69760,東京都目黒区中目黒1丁目9-19,,false,tokyo,目黒川沿いのビーチスタイルカフェ。店内・テラスとも犬同伴可能。,,,8:00〜22:00,無休,,,,,,,,,@bondicafenakameguro,,https://tabelog.com/tokyo/A1317/A131701/13301076/,true,true,,,,入店時は椅子に店側貸出のマットを使用,2026-07-17,,
beef0000-0000-4000-8000-000000000065,,nakameguro SLOW TABLE,中目黒,35.64560,139.69960,東京都目黒区上目黒2丁目20-5 ハイツ伊勢脇1F,,false,tokyo,緑に囲まれたテラスのあるカフェ&ビストロ。店内・テラスとも犬同伴可能。,,,ランチ11:00〜17:00・ディナー17:00〜23:00,,,,,,,,,https://yoyaku.toreta.in/slowtable,,,,true,true,,,,,2026-07-17,,
beef0000-0000-4000-8000-000000000066,,Huit(ユイット),中目黒,35.64400,139.69790,東京都目黒区中目黒1-10-23 リバーサイドテラス1F,,false,tokyo,目黒川沿いのビストロ。店内奥の一部席のみ犬同伴可能(川沿いの窓際席は不可)。,03-3760-8898,,12:00〜22:00(金土12:00〜23:00),,,,,,,,,,@huit_nakameguro,,https://tabelog.com/tokyo/A1317/A131701/13018861/,true,,false,,店内奥のソファ席(6名)と通路を挟んだ4人掛け2卓のみ犬同伴可・川沿いの窓際席は不可・桜シーズン(3月中旬〜4月下旬)は混雑のため予約不可(犬同伴可否は要確認),事前電話予約推奨(ペット可能席が少数のため),2026-07-17,,
beef0000-0000-4000-8000-000000000140,,DOG DEPT+CAFE お台場東京ビーチ店,お台場・豊洲,35.62916,139.77584,東京都港区台場1-6-1 デックス東京ビーチ1F,,false,tokyo,デックス東京ビーチ1階にあるアメリカンカジュアルブランド直営のドッグカフェ。全11テーブル32席(テラス6席含む)ですべての犬種が同伴でき犬用メニューも用意。,03-3599-5211,,平日11:00〜18:00(L.O.17:00)・土日祝11:00〜20:00(L.O.19:00),デックス東京ビーチに準ずる,,,,,,,,https://www.dogdept.com/shoplist/area03_3.html,,,,true,true,true,true,,全犬種同伴可・基本的なマナーを守っての利用が条件(公式サイト),2026-07-17,,
beef0000-0000-4000-8000-000000000141,,bills お台場,お台場・豊洲,35.62916,139.77584,東京都港区台場1-6-1 デックス東京ビーチ3F,,false,tokyo,デックス東京ビーチ3階のシドニー発オールデイダイニング。パンケーキが有名で200席超の広い店内とテラス席を持つ。,03-3599-2100,,平日9:00〜22:00・土日祝8:00〜22:00(L.O.21:00),,,,,,,,,https://www.billsjapan.com/en/locations/odaiba,,,,true,true,,,,店内利用時はペットゲージまたはペットカートの使用が必須(デックス公式)・テラス席は終日同伴可,2026-07-17,,
beef0000-0000-4000-8000-000000000142,,Trattoria Pizzeria LOGIC お台場,お台場・豊洲,35.62916,139.77584,東京都港区台場1-6-1 デックス東京ビーチ3F,,false,tokyo,デックス東京ビーチ3階のイタリアンレストラン。レインボーブリッジと東京タワーを望むテラス席が人気。,03-5520-1577,,平日11:00〜15:00/17:00〜22:00・土日祝11:00〜16:00/17:00〜22:00(ランチL.O.平日14:00・土日祝15:00/ディナーL.O.21:00),,,,,,,,,https://logic-odaiba.gorp.jp/,,,,false,true,,,,リード着用の上テラス席のみ犬同伴可(店内不可・デックス公式)。運営元公式サイトには場所を限定しない「ペット同伴OK」の記載もあり座席条件の粒度に差がある,2026-07-17,,
beef0000-0000-4000-8000-000000000143,,THE OPEN BAKERY,お台場・豊洲,35.63101,139.77915,東京都港区台場1-3-5-103,,false,tokyo,お台場海浜公園駅そばのベーカリーカフェ。広いテラス席で焼きたてパンとコーヒーが楽しめる。,03-6457-1991,,カフェ8:00〜17:00・ベーカリー9:00〜売切次第終了,毎週月曜定休(祝日の場合は翌日休み),,,,,,,,https://www.theopenbakery.jp/,,,,,true,,,,テラス席のみ犬同伴可(公式サイトにはペット記載なし・犬連れ紹介サイト2件で確認),2026-07-17,,
beef0000-0000-4000-8000-000000000144,,Eggs 'n Things お台場店,お台場・豊洲,35.62784,139.77364,東京都港区台場1-7-1 アクアシティお台場3F,,false,tokyo,アクアシティお台場3階のハワイ発パンケーキレストラン。テラス席からレインボーブリッジを望める。,03-6457-1478,,9:00〜22:00(L.O.21:00),施設休館日に準ずる,,,,,,,,https://www.eggsnthingsjapan.com/odaiba/,,,,false,true,,,,テラス席のみ犬同伴可(店内不可・公式サイト)。館内(3F)への移動はペットカート/キャリーバッグに全身を収納する必要あり(アクアシティ公式),2026-07-17,,
beef0000-0000-4000-8000-000000000145,,Les deux Bleue ららぽーと豊洲店,お台場・豊洲,35.65627,139.79208,東京都江東区豊洲2-4-9 アーバンドック ららぽーと豊洲1 NORTH PORT 1F,,false,tokyo,ららぽーと豊洲NORTH PORT内のドッグカフェ。館内の飲食店の中で数少ない店内犬同伴可の店で犬用メニューも用意。,03-3536-8326,,11:00〜22:00(L.O.21:00),不定休(ららぽーとに準ずる),,,,,,,,https://www.ccinc-love.com/lesdeuxbleue/,,,,true,,,true,,店内は犬のみペット同伴可(猫等の他ペットは不可)・テラスでの可否は出典に記載なし,2026-07-17,,
beef0000-0000-4000-8000-000000000146,,ANEA CAFE Toyosu,お台場・豊洲,35.65697,139.79311,東京都江東区豊洲2-1-9 豊洲セイルパーク1F(117区画),,false,tokyo,豊洲セイルパーク1階のガラス張りのカフェ&ダイナー。全席犬同伴OKで犬用メニューも用意されている。,03-5859-0067,,11:30〜22:00(L.O.21:00),水曜定休(祝日は営業・翌木曜振替休),,,,,,,,https://www.toyosu-sail-park.jp/shop/shop-310/,@aneacafe__toyosu,,,true,false,true,true,,店内のみ入店可能(テラス席なし)・1グループ最大6頭まで(大型犬は3頭まで)・リード着用とカフェマット使用が基本(公式・紹介記事),2026-07-17,,
beef0000-0000-4000-8000-000000000147,,ピッツェリア ダ ボッカ,お台場・豊洲,35.65697,139.79311,東京都江東区豊洲2-1-9 豊洲セイルパーク1F(102区画),,false,tokyo,豊洲セイルパーク1階の本格ローマピッツァ店。赤いテーブルとパラソルが目印のテラス席を持つ。,03-6204-2010,,ランチ11:00〜15:30(L.O.15:00)・ディナー17:00〜21:30(L.O.21:00),月曜定休(2025年10月より),,,,,,,,https://www.toyosu-sail-park.jp/shop/shop-288/,,,,false,true,,,キャリーバッグ使用時のみ入店可(リードでの入店は不可),,2026-07-17,,
beef0000-0000-4000-8000-000000000148,,食堂101,お台場・豊洲,35.65697,139.79311,東京都江東区豊洲2-1-9 豊洲セイルパーク1F(101区画),,false,tokyo,豊洲セイルパーク1階の和食レストラン。ブランド牛や地鶏を使った料理が楽しめる開放的なテラス席を持つ。,03-3520-8998,,ランチ11:30〜15:00(L.O.14:30)・ディナー17:00〜23:00(L.O.22:00),,,,,,,,,https://www.toyosu-sail-park.jp/shop/shop-207/,,,,false,true,,,,テラス席のみ犬同伴可(店内不可)・リード/キャリーいずれも対応。テラス席数は少ない(1席程度)との訪問記あり,2026-07-17,,
beef0000-0000-4000-8000-000000000080,,crisscross,表参道・青山,35.65810,139.71780,東京都港区南青山5-7-28,,false,tokyo,南青山の緑に囲まれたテラスが人気のオールデイカフェ。テラス席で犬同伴可能。,03-6434-1266,,8:00〜22:00(L.O.21:00)※予約は17:30以降のみ可,,,,,,,,,,,,,false,true,true,,,ペット用の水皿はあるがリードフックはなし・方針変更の可能性があるため来店前に要確認(出典記載),2026-07-17,,
beef0000-0000-4000-8000-000000000081,,tonkatsu.jp表参道,表参道・青山,35.66930,139.71280,〒107-0061 東京都港区北青山3-9-9 FNビル1F,,false,tokyo,厳選ブランド豚を使うとんかつ専門店。テラス1席のみ犬同伴可能(前日予約制)。,03-6427-4910,,平日11:30〜15:30(L.O.15:00)・17:30〜21:00(L.O.20:00)/土日祝11:00〜15:00(L.O.14:30)・17:00〜21:00(L.O.20:00),月・火定休(祝日の場合を除く),,,,,,,,https://tonkatsu.jp/,,,,false,true,false,,大型犬不可,テラス席は1席のみのため犬同伴時は前日までの予約が必要(出典記載),2026-07-17,,
beef0000-0000-4000-8000-000000000082,,Cafe Madu 青山店,表参道・青山,35.65790,139.71720,東京都港区南青山5-8-1 セーヌアキラビル1F,,false,tokyo,1994年開業のビストロ&カフェ。テラス席で犬同伴可能(店内一部同伴可否は出典により記載が分かれる)。,03-3498-2891,,月〜木・祝11:00〜22:00/金・土11:00〜23:00/日11:00〜20:00,年中無休,,,,,,,,https://www.hakka-group.co.jp/brands/cafemadu-aoyama/,,,,,true,true,,,店内一部同伴可とする出典とテラスのみとする出典があり記載が分かれる・テラス席は小型〜大型犬まで対応可能(出典記載)・来店前に要確認,2026-07-17,,
beef0000-0000-4000-8000-000000000083,,i2 cafe,表参道・青山,35.66620,139.71060,東京都港区南青山3-9-1 Ablim 1F,,false,tokyo,花とグリーンに囲まれたボタニカルな空間のカフェ。店内で犬同伴可能。,,,8:00〜18:00(L.O.17:00),無休,,,,,,,,,,,,true,,false,,,椅子への同伴時はカフェマット使用必須・床を歩かせるのは不可のためカートやスリングでの来店推奨(出典記載),2026-07-17,,
beef0000-0000-4000-8000-000000000084,,IL LUPINO PRIME,表参道・青山,35.67160,139.71940,東京都港区北青山3-4-3 ののあおやま2F,,false,tokyo,ウルフギャング・ズウィナー氏監修のイタリアンレストラン。広いテラス席で犬同伴可能・ワンちゃん専用メニューあり。,03-6804-5661,,11:30〜23:30(L.O.22:30),,,,,,,,,https://illupinojapan.jp/,,,,false,true,false,true,,テラス席(約50席)限定・店内不可・ワンちゃん専用メニュー(パン・モンブランケーキ・ノンアルコールドリンク)あり(出典記載),2026-07-17,,
beef0000-0000-4000-8000-000000000085,,青山川上庵,表参道・青山,35.66580,139.71220,東京都港区南青山3-14-1,,false,tokyo,表参道裏路地にある蕎麦店。1Fテラス6席のみ犬同伴可能。,03-5411-7171,,昼11:00〜16:00/夜16:00〜23:00(L.O.22:00),月1回、店舗ミーティングのため16:30〜18:00休業の場合あり,,,,,,,,https://www.kawakamian.com/shops/aoyama.php,,,,false,true,true,,,1Fテラス6席のみ犬同伴可(公式サイト記載)・犬連れ利用時は事前予約推奨(出典記載),2026-07-17,,
beef0000-0000-4000-8000-000000000086,,Café Kitsuné Aoyama,表参道・青山,35.66480,139.71470,東京都港区南青山3-15-9,,false,tokyo,メゾンキツネ発のコーヒー&レストラン。入口テラスカウンター席で犬同伴可能。,03-5786-4842,,10:00〜19:00(アルコール提供は19時から),,,,,,,,,,,,,false,true,,,,入口テラスカウンター席のみ犬同伴可(出典記載),2026-07-17,,
beef0000-0000-4000-8000-000000000087,,ERIC ROSE,表参道・青山,35.67160,139.71940,東京都港区北青山3-4-3 ののあおやま1F,,false,tokyo,スターバックス創業メンバーによるハワイ発カフェの日本1号店。テラス席で犬同伴可能。,03-6384-5666,,8:00〜20:30,,,,,,,,,,,,,false,true,,,,テラス席のみ犬同伴可・ヒーターやパラソル、ペット用飲用水の用意はないため要持参(出典記載),2026-07-17,,
beef0000-0000-4000-8000-000000000088,,Ralph's Coffee Omotesando,表参道・青山,35.66870,139.70790,東京都渋谷区神宮前4-25-15,,false,tokyo,ラルフローレン直営のカフェ。テラス席で犬同伴可能(大型犬も可)。,03-6438-5803,,月〜木・日9:00〜20:00/金・土9:00〜21:00,不定休,,,,,,,,,,,,false,true,true,,,テラス席のみ犬同伴可・ペットカートでの来店も可(出典記載),2026-07-17,,
beef0000-0000-4000-8000-000000000089,,GENTLE Dining,表参道・青山,35.67180,139.70760,東京都渋谷区神宮前5-47-6,,false,tokyo,地中海料理と鮨処が一体となったダイニング。ガーデンテラス席で犬同伴可能(単独出典のため要確認)。,,,火〜金 ランチ11:30〜15:00・ディナー17:00〜23:00/土 ランチ11:30〜14:30・カフェ14:30〜17:00・ディナー17:00〜23:00/日祝 ランチ11:30〜14:30・カフェ14:30〜17:00・ディナー17:00〜21:30,月曜定休(祝日の場合は翌火曜日),,,,,,,,,,,,,true,,,,ガーデンテラス席で犬同伴可・カフェマット持参推奨(出典記載)・単独出典のため要重点確認,2026-07-17,,
beef0000-0000-4000-8000-000000000500,,Pcm's Cafe,赤羽・王子,35.77746,139.72851,東京都北区志茂1-22-13,,false,tokyo,赤羽・志茂エリアで16年以上続く老舗ドッグカフェ。看板犬のチワワたちが出迎え、手作りの犬用フードメニューも提供。,03-3598-1355,,月曜12:00〜18:00・金〜日12:00〜22:00(火水木定休),火曜・水曜・木曜定休,12:00-18:00,定休,定休,定休,12:00-22:00,12:00-22:00,12:00-22:00,,,,https://tabelog.com/tokyo/A1323/A132305/13126936/,true,,,true,,いぬちず(doghuggy)では店内対応犬種を小型犬と紹介(他出典は制限記載なし)。手作りドッグメニューあり。,2026-07-18,,
beef0000-0000-4000-8000-000000000501,,和むすびや＆わんこのまるっと,赤羽・王子,35.74991,139.73551,〒114-0023 東京都北区滝野川2-8-5,,false,tokyo,王子・飛鳥山エリアのトリミングサロン併設の和風ドッグカフェ。ミニドッグランや撮影スペースも備える。,03-6903-6105,,9:00〜18:00,火曜定休,9:00-18:00,定休,9:00-18:00,9:00-18:00,9:00-18:00,9:00-18:00,9:00-18:00,https://marutto.tokyo/,,,,true,true,,true,,入店料220円/頭(店内・テラス共通)・フォトスポット利用500円/頭・ミニドッグラン併設(有料)。,2026-07-18,,
beef0000-0000-4000-8000-000000000502,,TOMBOY 十条本店,赤羽・王子,35.75982,139.72251,東京都北区上十条1-11-10,,false,tokyo,十条駅南口すぐのイタリアン・フレンチダイニング。公式サイトでペット同伴可と案内。,03-3907-6939,,11:00〜23:00(料理L.O.22:30・ドリンクL.O.22:30),年末年始(1/1・1/2)のみ休業,11:00-23:00,11:00-23:00,11:00-23:00,11:00-23:00,11:00-23:00,11:00-23:00,11:00-23:00,https://tomboy-jyujyo.owst.jp/,,,,,,,,,公式サイト・ホットペッパー共に「ペット同伴：可」と明記(店内/テラスの区別記載なし)。,2026-07-18,,
beef0000-0000-4000-8000-000000000503,,nico 赤羽店,赤羽・王子,35.78085,139.71982,〒115-0045 東京都北区赤羽1-40-2 大同コーポ1F,,false,tokyo,赤羽駅北改札から徒歩5分のイタリアン×ダイニングバル。テラス席はペット同伴可。,,,月〜金・祝前日17:00〜23:45(料理L.O.22:45・ドリンクL.O.23:15)・土日祝15:00〜23:45(同L.O.),年末年始,17:00-23:45,17:00-23:45,17:00-23:45,17:00-23:45,17:00-23:45,15:00-23:45,15:00-23:45,,,,https://tabelog.com/en/tokyo/A1323/A132305/13160478/,false,true,,,,テラス席のみ犬・ペット同伴可(店内不可)。,2026-07-18,,
beef0000-0000-4000-8000-000000000504,,5感 小皿イタリアン&ワイン 赤羽店,赤羽・王子,35.77688,139.72247,〒115-0044 東京都北区赤羽南1-5-7 1F,,false,tokyo,赤羽駅南改札から徒歩1分の小皿イタリアン&ワインバー。オープンテラス席が目印。,03-3598-5445,,月〜木17:00〜翌4:00・金土17:00〜翌5:00・日17:00〜翌1:00・祝日祝前日17:00〜翌5:00,,,,,,,,,https://gokanakabane1.owst.jp/,,,,,,,,,公式サイト・ホットペッパー共に「ペット同伴：可」とのみ明記(店内/テラスの区別記載なし)。,2026-07-18,,
beef0000-0000-4000-8000-000000000505,,赤羽 せんべろ 大衆酒場 にくまれ屋 はなれ,赤羽・王子,35.77988,139.72025,東京都北区赤羽1-18-5,,false,tokyo,赤羽駅から徒歩4分、備長炭焼き鳥が名物の大衆酒場。テラス席はペット同伴可と紹介されている。,,,月火12:00〜翌0:30・水木15:00〜翌0:30・金(祝前日)12:00〜翌2:00・土11:00〜翌2:00・日祝11:00〜翌0:30,不定休,,,,,,,,,,,,false,true,,,,専門サイト(pet-restaurant.com)の一覧では「テラス席のみ」と明記。ホットペッパーは「ペット同伴可」とのみ記載し店内/テラスの区別は明記なし(両出典をsourcesに記録)。,2026-07-18,,
beef0000-0000-4000-8000-000000000506,,酒呑中華コテツ,赤羽・王子,35.78087,139.71956,東京都北区赤羽1-66-7 清誠ビル1F,,false,tokyo,赤羽駅東口から徒歩3分の中華料理居酒屋。ペットはテラス席のみ同伴可と明記されている。,,,月〜金・祝前日17:00〜翌1:00・土15:00〜翌1:00・日祝15:00〜翌0:00,不定休,,,,,,,,https://sakenomichuka-kotetsu.com/,,,,false,true,,,,ペットはテラス席のみ可(店内不可)とホットペッパーに明記。,2026-07-18,,
beef0000-0000-4000-8000-000000000600,,ドッグラン&カフェバー ノンノバドール,荒川,35.74730,139.76590,東京都荒川区東尾久5-28-1,,false,tokyo,室内にドッグラン併設のカフェ&バー。愛犬と食事をしながら人工芝のフリースペースで遊ばせられる。,03-6807-9933,,平日(木・金)11:00〜15:00(L.O.14:00)、17:30〜22:00(L.O.21:00)/土日祝日11:00〜22:00(L.O.21:00),月・火・水定休,,,,"11:00-15:00,17:30-22:00","11:00-15:00,17:30-22:00",11:00-22:00,11:00-22:00,https://www.innovador.jp/,,,,true,,,,室内ドッグランスペースは限定的(5kg以上の犬が走り回るには手狭との来店記録あり),ドッグラン利用は1年以内の混合ワクチン証明書・狂犬病予防注射証明書の提示が必須(利用規約への署名も必要)。マーキングする犬はマナーパンツ着用必須。,2026-07-18,,
beef0000-0000-4000-8000-000000000601,,トラットリア トラム ロカーレ,荒川,35.74430,139.77960,東京都荒川区荒川6-7-5 床源ビル1F,,false,tokyo,都電荒川線の線路沿いに佇むイタリア料理店。目の前を都電が走るテラス席で、愛犬と一緒に食事が楽しめる。,03-3809-6021,,18:00〜23:00(L.O.22:15),月曜定休,,,,,,,,,,,https://tabelog.com/tokyo/A1324/A132401/13018606/,false,true,true,,,,2026-07-18,,
beef0000-0000-4000-8000-000000000602,,ひぐらしベーカリー,荒川,35.73050,139.77050,東京都荒川区西日暮里2-6-7,,false,tokyo,本と暮らしの複合施設「ひぐらしガーデン」内にあるベーカリーカフェ。中庭のテラス席で愛犬と焼きたてパンを楽しめる。,03-6806-5551,,8:00〜17:00,月曜定休,,,,,,,,,,,,,true,,,,テラス席は3テーブル程で屋根はあるが、雨天時の利用は難しいとの来店記録あり,2026-07-18,,
beef0000-0000-4000-8000-000000000603,,石濱茶寮 楽,荒川,35.74130,139.80200,東京都荒川区南千住3-28-58 石濱神社境内,,false,tokyo,石浜神社の境内にある甘味処。テラス席で愛犬と甘味や軽食を味わえる。,03-6806-8001,,11:30〜21:00,不定休,,,,,,,,,@ishihamasaryou.raku,,,,true,,,,,2026-07-18,,
beef0000-0000-4000-8000-000000000604,,ジェラテリア エルバ,荒川,35.72900,139.79000,東京都荒川区南千住1-25-8,,false,tokyo,都電荒川線・荒川一中前駅近くにあるジェラート専門店。,,,12:00〜21:00(1・2月は月曜も定休),火曜定休,,,,,,,,,,,https://tabelog.com/tokyo/A1324/A132401/13298279/,,,,,,犬同伴可との来店ブログ記録が複数あるが、店内・テラス等の場所の詳細な記載はなし,2026-07-18,,
beef0000-0000-4000-8000-000000000180,,Balcony by 6th,麻布・六本木,35.66360,139.74290,東京都港区麻布台1-3-1 麻布台ヒルズ タワープラザ3F,,false,tokyo,麻布台ヒルズタワープラザにあるオールデイダイニング。テラス席限定で犬同伴が可能。,,,8:00〜23:00(モーニング8:00〜10:30・ランチ平日11:00〜14:30/土日祝11:00〜15:00・カフェ11:00〜17:30・ディナー17:30〜23:00),,,,,,,,,https://www.azabudai-hills.com/shop_list/0092.html,,,,false,true,,,,約50席のテラス席のみ犬同伴可(店内不可)。冬季はパラソルヒーター・電気毛布を設置(公式・専門ブログ記載)。,2026-07-18,,
beef0000-0000-4000-8000-000000000181,,Maison Landemaine 麻布台,麻布・六本木,35.66120,139.74050,東京都港区麻布台3-1-5 麻布台檜ビル1F,,false,tokyo,パリ発のブーランジェリー&パティスリー「メゾン・ランドゥメンヌ」の麻布台店。テラス席限定で犬同伴が可能。,03-5797-7387,,7:00〜19:30(モーニング7:00〜9:30・ランチ11:30〜14:00),なし(祝日等は営業時間短縮の場合あり),,,,,,,,,,,,false,true,,,,お散歩ついでに立ち寄れるオープンテラス席のみ犬同伴可(専門サイト記載)。,2026-07-18,,
beef0000-0000-4000-8000-000000000182,,ブリコラージュ ブレッド アンド カンパニー,麻布・六本木,35.65950,139.72780,東京都港区六本木6-15-1 けやき坂テラス1F,,false,tokyo,ミシュラン店とベーカリーがコラボした六本木ヒルズけやき坂のパン屋。テラス席限定で犬同伴が可能。,03-6804-3350,,7:00〜19:00程度(季節により変動・公式サイトで要確認),毎週月曜定休(祝日の場合は営業),,,,,,,,https://bricolagebread.com/,,,,false,true,,,,テラス席のみ犬同伴可(店内は不可・専門サイト記載)。テラス席は手狭でペットカート推奨との紹介あり。,2026-07-18,,
beef0000-0000-4000-8000-000000000183,,Nim's Pizza,麻布・六本木,35.65550,139.73730,東京都港区麻布十番1-3-13 CASA ESENCIA 1F,,false,tokyo,麻布十番駅近くのNYスタイルピザ専門店。店内・テラスとも大型犬まで同伴可能。,03-6441-3356,,月13:00〜23:00・火〜土11:30〜23:00・日11:30〜22:00,,,,,,,,,https://nimspizza.com/,,,,true,true,true,,,店内・テラスとも犬同伴可・1組2頭まで(画像キャプションより・来店前要確認)。サイズ・頭数の詳細は来店前に要問合せ。,2026-07-18,,
beef0000-0000-4000-8000-000000000184,,GREEN BROTHERS 麻布十番店,麻布・六本木,35.65500,139.73820,東京都港区麻布十番1-5-29 麻布十番レジデンス101,,false,tokyo,NYスタイルのサラダ専門店。同ブランドの中で麻布十番店のみ店内で犬同伴が可能。,03-6459-2529,,月〜金10:30〜21:30(L.O.21:30)・土日祝10:30〜20:30(L.O.20:30),,,,,,,,,,,,,true,,true,,,リード必須・直接座席に乗せない・犬が食べられる食材はチキン/レタス/卵黄のみ(店舗案内として紹介記事に記載)。,2026-07-18,,
beef0000-0000-4000-8000-000000000185,,PACE ITALIAN LOUNGE,麻布・六本木,35.65180,139.73780,東京都港区南麻布1-5-4 フレッグ南麻布1F・B1F,,false,tokyo,麻布十番駅近くの深夜営業イタリアンラウンジ。店内で犬同伴が可能でドッグメニューもある。,03-6459-4551,,17:00〜翌5:00(専門サイト記載),無休(専門サイト記載),,,,,,,,https://paceitalianlounge.com/,,,,true,,true,true,,ドッグメニュー・おやつ・お水・ブランケット貸出あり(専門サイト記載)。犬用トイレ設備はないため来店前の排泄推奨。,2026-07-18,,
beef0000-0000-4000-8000-000000000186,,麻布 川上庵,麻布・六本木,35.65360,139.73490,東京都港区麻布十番3-5-7 B1,,false,tokyo,軽井沢発の人気そば店「川上庵」の麻布十番店。テラス席(5席)限定で犬同伴が可能。,03-5439-5757,,昼11:00〜16:00・夜16:00〜23:00(L.O.22:00),,,,,,,,,https://www.kawakamian.com/shops/azabu.php,,,,false,true,,,,全50席中テラス5席のみ犬同伴可(公式サイト記載)。,2026-07-18,,
beef0000-0000-4000-8000-000000000187,,VERVE COFFEE ROASTERS 六本木店,麻布・六本木,35.65880,139.73450,東京都港区六本木5-16-7,,false,tokyo,カリフォルニア発のコーヒーロースタリー六本木店。テラス席で犬同伴が可能(店内の可否は出典間で相違)。,03-6427-5403,,7:00〜20:00(無休),,,,,,,,,https://vervecoffee.jp/pages/roppongi,,,,,true,,,,店内同伴可否は出典間で相違(公式ニュース記事は「テラス席・店内一部がペット同伴可」と紹介する一方、専門サイトwankonowaは「テラスのみ」と紹介)。大型犬可否もwankonowaのみの言及で裏付けが取れていない。要個別確認。,2026-07-18,,
beef0000-0000-4000-8000-000000000580,,TOKYO KAKI STAND 東京ドームシティ店,文京・後楽園,35.70560,139.75190,東京都文京区後楽1-3-61 東京ドームシティ,,false,tokyo,東京ドームシティ「Meets Port」エリアにある産直牡蠣バー。店内・テラスともマナーパンツ着用で犬同伴が可能。,050-5484-8915,,11:30〜23:00(フードL.O.22:30・ドリンクL.O.22:30),年中無休,,,,,,,,https://ghkg502.gorp.jp/,,,https://tabelog.com/tokyo/A1310/A131003/13299056/,true,true,true,,,マナーパンツ着用必須。椅子や床に座らせる際はカフェマットまたはカートを使用(公式記載)。,2026-07-18,,
beef0000-0000-4000-8000-000000000581,,VILLAGE MARCHE(ヴィレッジマルシェ),文京・後楽園,35.71650,139.71950,東京都文京区目白台3-28-6 東京大学目白台インターナショナル・ビレッジ内,,false,tokyo,東京大学目白台インターナショナル・ビレッジ内にあるカフェ&ダイニング。ソファ席とテラス席(3〜10月限定)で大型犬まで同伴が可能。,03-5981-8446,,11:30〜20:00(フードL.O.20:00・ドリンクL.O.20:00),火曜定休(不定期で変更の場合あり)・年末年始・施設点検日,,,,,,,,https://todai-vm.tokyo/,@villagemarche,,https://tabelog.com/tokyo/A1309/A130905/13240119/,true,true,true,true,大型犬まで(店内はソファ席限定・全席ではない),テラス席は3月〜10月限定(オーニングテント付き)。犬用フード・お水の用意やフードボウルの貸出あり。犬が苦手な方向けの専用エリアもあり。ソファ席利用時はカフェマット持参が望ましい(出典記載)。,2026-07-18,,
beef0000-0000-4000-8000-000000000582,,Osteria Capanna(オステリアカパンナ),文京・後楽園,35.70750,139.75240,東京都文京区本郷5-9-7,,false,tokyo,本郷・春日エリアのイタリアンレストラン。屋根付きテラス席限定で犬同伴が可能(大型犬も可)。,03-3815-8856,,ランチ11:30〜15:00(L.O.14:30)・ディナー17:30〜22:00(料理L.O.21:00・ドリンクL.O.21:30),日曜・月曜定休,,,,,,,,https://www.mikura-group.com/capanna/,,,https://tabelog.com/tokyo/A1310/A131004/13157417/,false,true,true,,,テラス席(屋根付き・全6席中2卓)限定で犬同伴可・大型犬まで対応可(専門サイト記載)。単独出典のため要重点確認。,2026-07-18,,
beef0000-0000-4000-8000-000000000583,,カフェ ハルテラス(Cafe HARU terrace),文京・後楽園,35.72130,139.73680,東京都文京区大塚1-5-23 嘉ノ雅茗渓館1F,,false,tokyo,茗荷谷駅そばの複合施設「嘉ノ雅茗渓館」内にあるフレンチ&イタリアン融合カフェ。開放的なテラス席限定で犬同伴が可能。,03-5319-1890,,ランチ11:00〜15:00・カフェ15:00〜21:00・ディナー16:00〜21:00,,,,,,,,,,,,https://tabelog.com/tokyo/A1323/A132302/13189902/,false,true,,,,テラス席(全50席)限定で犬同伴可(店内不可)。,2026-07-18,,
beef0000-0000-4000-8000-000000000584,,野菜倶楽部 oto no ha Café(オトノハカフェ),文京・後楽園,35.71280,139.71880,東京都文京区関口2-11-31,,false,tokyo,ホテル椿山荘東京に隣接する野菜特化カフェ。自社農園「オトワファーム」直送野菜が自慢で、テラス席限定で犬同伴が可能。,03-3942-1077,,9:30〜17:00(L.O.16:00)/9:30〜19:00(L.O.18:00)※日により異なる,月曜定休,,,,,,,,https://www.oto-no-ha.jp/pages/248/,,,https://tabelog.com/tokyo/A1323/A132302/13156987/,false,true,,,,野間記念館に面したテラス席限定で犬同伴可(店内不可)。,2026-07-18,,
beef0000-0000-4000-8000-000000000585,,上島珈琲店 護国寺店,文京・後楽園,35.71880,139.72410,東京都文京区音羽1-17-11 花和ビル1F,,false,tokyo,護国寺駅から徒歩1分のネルドリップコーヒー専門店。テラス席限定で犬同伴が可能。,03-5940-6020,,平日7:00〜20:00・土日祝8:00〜20:00,年中無休,,,,,,,,https://shop.ufs.co.jp/ufs/spot/detail?code=4043,,,https://tabelog.com/tokyo/A1323/A132302/13089649/,false,true,,,,テラス席限定で犬同伴可(店内不可)。単独出典(petoria-tokyo.jp)のため要重点確認。,2026-07-18,,
beef0000-0000-4000-8000-000000000420,,Paston（パストン）,調布・府中,35.64800,139.54550,東京都調布市小島町2-37-22,,false,tokyo,調布駅そばのアンティーク調カフェ。犬用ごはんや自家製グラノーラクッキーも用意し、大型犬まで店内同伴が可能。,,,水〜金11:30〜17:00・土日17:00〜22:00,月・火曜定休,,,,,,,,,,,,true,,true,true,,,2026-07-18,,
beef0000-0000-4000-8000-000000000421,,カフェダイニングバー セントバーナード,調布・府中,35.66080,139.58360,東京都調布市仙川町1-13-23 LUNA SENGAWA 1F,,false,tokyo,仙川駅近くのスイス料理レストラン。小型〜大型犬まで店内同伴が可能で、犬用メニューや足洗い場も完備。,,,ランチ11:00〜15:00(L.O.14:30)・カフェ11:00〜17:00・ディナー17:00〜22:00(L.O.21:30),水曜定休,,,,,,,,,,,,true,false,true,true,,リード必須・ヒート中の犬は利用不可・足洗い場完備・個室/半個室あり,2026-07-18,,
beef0000-0000-4000-8000-000000000422,,洋食屋クリスマス亭,調布・府中,35.65650,139.52980,東京都調布市上石原1-32-6,042-485-1014,false,tokyo,西調布駅すぐのレトロな洋館スタイルの洋食レストラン。テラス席のみ犬同伴が可能。,042-485-1014,,11:30〜23:00(L.O.22:30),年中無休,,,,,,,,https://christmas-tei.com/,,,,false,true,true,false,,,2026-07-18,,
beef0000-0000-4000-8000-000000000423,,LARGO SENGAWA,調布・府中,35.66180,139.58580,東京都調布市仙川町1-25-2 仙川アヴェニュー北プラザ106,,false,tokyo,仙川駅近くのガラス張りカフェ&レストラン。店内はソファ席中心だが、テラス席のみ大型犬まで犬同伴が可能。,,,11:00〜22:00(日のみ〜21:00),,,,,,,,,,,,,false,true,true,false,,駐車場なし,2026-07-18,,
beef0000-0000-4000-8000-000000000424,,深大寺水神苑,調布・府中,35.66600,139.54950,〒182-0017 東京都調布市深大寺元町5-10-3,042-486-0811,false,tokyo,深大寺参道近くの日本料理店。土日祝17時以降・要予約の条件付きで1階ホール席に大型犬まで同伴でき、犬用の薬膳コースやそばも用意されている。,042-486-0811,犬同伴時は土日祝17時以降のみ・前日17時までに要予約,平日11:30〜15:00(L.O.14:00)・17:00〜21:00(L.O.19:00)/土日祝11:00〜21:00(L.O.19:00),水曜定休,,,,,,,,https://www.musashinokk.co.jp/suijin-en/with-dog/,,,,true,,true,true,,犬同伴可は土日祝17時以降のみ・平日/ランチは不可。1階ホール席限定でペットカート入店可。前日17時までに要予約,2026-07-18,,
beef0000-0000-4000-8000-000000000425,,Dog Arts and Cafe インディハウス,調布・府中,35.66900,139.47750,〒183-0054 東京都府中市幸町1-19-1,042-336-5028,false,tokyo,府中駅近くのドッグカフェ。全席で犬同伴が可能で、大型犬もゆったり過ごせる設計。,042-336-5028,土日祝は予約不可・平日のみ電話予約可,10:00〜19:00(L.O.18:00),火・水曜定休(祝日は営業),,,,,,,,https://www.indy-house.com/,,,,true,true,true,true,,リード必須・ヒート中の犬は利用不可,2026-07-18,,
beef0000-0000-4000-8000-000000000426,,マイクロカフェ 調布深大寺店,調布・府中,35.66500,139.55250,東京都調布市深大寺東町2-10-5,,false,tokyo,深大寺エリアの新潟コシヒカリのおむすびカフェ。5卓あるテラス席でペット同伴が可能。,,,月11:00〜17:00・火〜日11:00〜20:00,,,,,,,,,,,,https://tabelog.com/tokyo/A1326/A132601/13130537/,false,true,,,,,2026-07-18,,
beef0000-0000-4000-8000-000000000427,,プティ パルク,調布・府中,35.66150,139.58450,東京都調布市仙川町1-7-1,03-4362-5584,false,tokyo,仙川駅近くのサンドイッチ&コーヒーの店。店内・テラス席とも犬同伴が可能。,03-4362-5584,,平日11:00〜20:00(L.O.19:00)・土日祝10:00〜20:00,月曜定休(祝日の場合は火曜定休),,,,,,,,,,,https://tabelog.com/tokyo/A1326/A132601/13253460/,true,true,,,,,2026-07-18,,
beef0000-0000-4000-8000-000000000240,,AUX BACCHANALES 銀座,銀座・日本橋,35.67080,139.76270,東京都中央区銀座6-3-2 ギャラリーセンタービル1F,,false,tokyo,銀座6丁目のフレンチカジュアルレストラン。テラス席のみ犬同伴可・大型犬も歓迎。,,,,,,,,,,,,https://www.auxbacchanales.com/,,,,false,true,true,,,,2026-07-18,,
beef0000-0000-4000-8000-000000000241,,ミタスカフェ（Mitasu Cafe）,銀座・日本橋,35.67460,139.76650,東京都中央区銀座2-10-8 マニエラビル1F,,false,tokyo,銀座2丁目の隠れ家的カフェ・ダイニングバー。通りに面したテラス席のみ犬同伴可能。,,,,,,,,,,,,,,,,false,true,,,,,2026-07-18,,
beef0000-0000-4000-8000-000000000242,,FAUCHON LE CAFE,銀座・日本橋,35.68350,139.77450,東京都中央区日本橋2-4-1 日本橋高島屋S.C. 本館ガレリア1F,,false,tokyo,日本橋高島屋S.C.本館ガレリア1階のフランス食品店直営カフェ。テラス席のみ犬同伴可能。,,,,,,,,,,,,,,,,false,true,,,,,2026-07-18,,
beef0000-0000-4000-8000-000000000243,,IL BACARO ALMA（イル バーカロ アルマ）,銀座・日本橋,35.68620,139.77360,東京都中央区日本橋室町1-5-5 コレド室町3 1F,,false,tokyo,コレド室町3内のヴェネツィア風イタリアンバール。桜並木沿いのテラス席で犬同伴可能。,03-6262-3178,,月〜金 ランチ11:00〜14:00・カフェ14:00〜17:00・ディナー17:00〜23:00(L.O.22:30) / 土日祝 ランチ・カフェ11:00〜17:00・ディナー17:00〜23:00(L.O.22:30),,,,,,,,,https://mitsui-shopping-park.com/urban/muromachi/store/600328.html,,,,false,true,,,,,2026-07-18,,
beef0000-0000-4000-8000-000000000244,,Farmacy-Deli&BAR 日本橋1ppon,銀座・日本橋,35.69000,139.77250,東京都中央区日本橋室町4-1-1,,false,tokyo,日本橋室町のイタリアン系レストランバー。1階テラス席のみ犬同伴可能・店内は不可。,,,月〜金 11:30〜15:00、18:00〜23:00（土日祝休業）,,,,,,,,,https://1ppon.owst.jp/,,,,false,true,,,,,2026-07-18,,
beef0000-0000-4000-8000-000000000245,,アナム本格インド料理 銀座店,銀座・日本橋,35.66780,139.76200,東京都中央区銀座8-10-8 銀座8丁目10番ビルB1F,,false,tokyo,銀座8丁目の本格インド料理店。個室でペット同伴可能（予約時に犬同伴の旨を伝える必要あり）。,03-6280-6708,,11:00〜翌3:00（ランチ11:00〜16:59・ディナー17:00〜）,,,,,,,,,https://annam-indian-restaurannt.owst.jp/,,,,true,,,,,個室での案内が基本（予約時に犬同伴の旨を伝える必要あり）,2026-07-18,,
beef0000-0000-4000-8000-000000000246,,土鍋炊きご飯 おこめとおかず,銀座・日本橋,35.67430,139.76550,東京都中央区銀座2-6-15 吉田第一ビルB1F,,false,tokyo,銀座一丁目の土鍋炊きご飯が名物の和食店。小型犬に限り店内同伴可能。,03-3564-3031,,月〜土・祝前日 11:30〜23:00 / 日・祝 11:30〜22:00,,,,,,,,,https://okometookazu.owst.jp/,,,,true,,false,,小型犬のみ,,2026-07-18,,
beef0000-0000-4000-8000-000000000247,,スワン銀座（SWAN GINZA）,銀座・日本橋,35.67280,139.76680,東京都中央区銀座2-12-16 ヤマト本社ビル1F,,false,tokyo,銀座2丁目の飲食店。テラス席のみ犬同伴可能。,,,,,,,,,,,,,,,,false,true,,,,,2026-07-18,,
beef0000-0000-4000-8000-000000000248,,フランス料理 銀座みかわや,銀座・日本橋,35.67140,139.76580,東京都中央区銀座4-7-12 銀座三越新館1F,,false,tokyo,銀座三越新館1階のフレンチレストラン。テラス席（2卓程度）のみ犬同伴可能・大型犬も歓迎。,,,,,,,,,,,,,,,,false,true,true,,,テラス席は2卓程度,2026-07-18,,
beef0000-0000-4000-8000-000000000620,,ROSSO CAFE,八王子,35.65950,139.33820,東京都八王子市大横町2-9,,false,tokyo,八王子駅近くにオープンしたドッグカフェ。看板犬ロッソ・チュルが出迎え、店内の座席でわんちゃんと一緒に過ごせる。,042-686-1237,,11:00〜18:00,,,,,,,,,,rossocafe_dog,,,true,,true,,,個室は扉設置後にノーリードで過ごせる予定・各所にリードフック完備,2026-07-18,,
beef0000-0000-4000-8000-000000000621,,MERRY and BRIGHT,八王子,35.63980,139.32380,東京都八王子市台町1-20-15,,false,tokyo,冨士森公園向かいのカフェ。店内でわんちゃんと過ごせ、室内ミニドッグランや犬用パンなど設備・メニューが充実。,,,11:00〜18:00(当面の間),水曜定休,,,,,,,,,merryandbright2016,,,true,,true,,,室内にミニドッグラン完備・カフェマット/リードフック無料・犬用パン(300円)あり,2026-07-18,,
beef0000-0000-4000-8000-000000000622,,Park Side Cafe BASEL,八王子,35.63850,139.32250,東京都八王子市台町3-13-4,,false,tokyo,冨士森公園近くのカフェ。屋根付きのテラス席でわんちゃんと一緒に過ごせる。,,,,,,,,,,,,,basel_depuis1967,,,,true,,,,屋根付き・空調完備のテラス席が犬同伴可能エリア,2026-07-18,,
beef0000-0000-4000-8000-000000000623,,atelier BASEL,八王子,35.62100,139.37450,東京都八王子市上柚木2-7-5,,false,tokyo,上柚木エリアのBASELグループ店舗。テラス席限定でわんちゃん同伴可能。,,,,,,,,,,,,,basel_depuis1967,,,false,true,,,,,2026-07-18,,
beef0000-0000-4000-8000-000000000624,,MozekSol(モゼクソール),八王子,35.66500,139.32100,東京都八王子市中野山王2-14-5(三和ドラッグビル1階),,false,tokyo,中野山王のカフェ。全席・全犬種で同伴可能なドッグフレンドリーな店。Honda公式おでかけ情報でも紹介されている。,042-622-2003,,火〜金11:00〜19:00・土12:00〜21:00・日祝12:00〜19:00,月曜・第1第3火曜定休,,,,,,,,,mozeksol,,,true,,true,,,全客席(6テーブル14席)すべてで犬同伴可・入店可能犬種は全犬種OK・お水のサービスあり・周囲への配慮を求める注意書きあり,2026-07-18,,
beef0000-0000-4000-8000-000000000625,,Cafe' Roju,八王子,35.64300,139.32750,東京都八王子市大和田町1-20-1,,false,tokyo,大和田町のカフェ。体重10kg前後までの小型犬に限り同伴可能。,,,,,,,,,,,,,,,,true,,,,体重10kg前後までの犬,,2026-07-18,,
beef0000-0000-4000-8000-000000000626,,AINA CAFE(アイナカフェ),八王子,35.65800,139.33950,東京都八王子市横山町3-8(フィルパーク3F),,false,tokyo,八王子駅北口すぐのハワイアンカフェ。屋上のテラス席でわんちゃんと一緒に過ごせる。,042-649-2089,,平日11:00〜15:30(L.O.15:00)・土日祝9:00〜17:00(L.O.16:30、9:00〜11:00はモーニング),水曜定休,,,,,,,,https://ainacafe.com/,aina_cafe,,,,true,,,,屋上テラス席が犬同伴可能エリア,2026-07-18,,
beef0000-0000-4000-8000-000000000627,,カキノキテラス,八王子,35.65120,139.33480,東京都八王子市田町5-1,,false,tokyo,古民家を改装した欧風カレー店。テラス席でわんちゃんと同伴できる。,050-5589-5050,,月〜木11:30〜16:00(L.O.15:00)・金〜日11:30〜16:00(L.O.15:00)/17:00〜21:00(L.O.20:00),,,,,,,,,,kakinokiterasu,,,,true,,,,,2026-07-18,,
beef0000-0000-4000-8000-000000000628,,高倉町珈琲 八王子店,八王子,35.66650,139.30950,東京都八王子市高倉町6-3,,false,tokyo,全国チェーンの喫茶店。八王子店は公式サイトでテラス席でのペット同伴利用を案内している。,042-649-2358,,7:00〜23:00(L.O.22:30),,,,,,,,,https://takakuramachi-coffee.co.jp/shop/,,,,,true,,,,公式サイトに「テラス席でペットと一緒にお食事ができます」と明記,2026-07-18,,
beef0000-0000-4000-8000-000000000629,,デルコス八王子本店,八王子,35.66480,139.31280,東京都八王子市高倉町1-10,,false,tokyo,インドカレー/インド料理レストラン。テラス席でわんちゃんと一緒に食事ができる。,042-648-5227,,ランチ11:00〜17:00(L.O.16:30)・ディナー17:00〜22:30(L.O.22:00),年中無休,,,,,,,,,,,,,true,,,,,2026-07-18,,
beef0000-0000-4000-8000-000000000340,,GRIP(グリップ),池袋,35.72680,139.71760,東京都豊島区南池袋2-11-1,,false,tokyo,南池袋にあるカフェ。テラス席で犬同伴が可能。,,,,,,,,,,,,https://dining-grip.com/,,,,,true,true,,,,2026-07-18,,
beef0000-0000-4000-8000-000000000341,,サクラカフェ&レストラン池袋,池袋,35.73030,139.71790,東京都豊島区池袋2-39-10 サクラホテル池袋別館1F,,false,tokyo,世界各国の料理とビールが楽しめる国際色豊かなカフェ&レストラン。テラス席で犬同伴が可能。,050-5304-0300,,7:00〜22:00(料理L.O.21:00・ドリンクL.O.21:30),無休,,,,,,,,https://sakuracafe-ikebukuro.foodre.jp/,,,,,true,true,,,冬季はテラス席にビニールカーテンを設置。足元が冷えるため犬を床におろす際は注意との案内あり,2026-07-18,,
beef0000-0000-4000-8000-000000000342,,いづも 池袋店,池袋,35.72960,139.70140,東京都豊島区西池袋1-13-7,,false,tokyo,うなぎの蒲の穂焼きや牛タン・焼き鳥が名物の居酒屋。店内の一部で小型犬中心に同伴可能。,050-5488-2493,,11:30〜23:00(料理L.O.22:00・ドリンクL.O.22:30),無休,,,,,,,,,,,,true,,false,,出典により相違(小型犬のみとする情報と中型犬まで店内可とする情報あり)。大型犬は不可,トイレのしつけ・無駄吠えしないことが条件。発情中は不可(キャリーバッグ使用可・膝上での利用を推奨),2026-07-18,,
beef0000-0000-4000-8000-000000000343,,Cafe PREGO(カフェプレゴ),池袋,35.73190,139.69870,東京都豊島区要町1-10-1 要町ツインビル1F,,false,tokyo,トリミングサロンを併設したドッグカフェ。店内・テラスで犬と食事ができドッグメニューもある。,03-5926-6683,,不定(要問い合わせ),,,,,,,,,https://prego.cafe/,,,,true,true,,true,出典により相違(体重12kgまでとする情報と大型犬可とする情報あり),予防接種(狂犬病・混合5種以上)証明が必要。噛み癖や攻撃的な犬は利用不可,2026-07-18,,
beef0000-0000-4000-8000-000000000344,,タマネギヘッドバッド,池袋,35.73230,139.69740,東京都豊島区西池袋5-26-14 サダシン要町ビル,,false,tokyo,国産玉ねぎのスープが看板のラーメン店。テラス席で犬同伴が可能。,,,,,,,,,,,,,,,,,true,true,,,,2026-07-18,,
beef0000-0000-4000-8000-000000000345,,肉と牡蠣CARTA 池袋店,池袋,35.73080,139.71580,東京都豊島区池袋2-73-4 1階,,false,tokyo,肉料理と牡蠣が楽しめるオイスターバー。ペット入店可能店舗として案内されている。,03-5927-9957,,月〜金 ランチ11:30〜15:00・ディナー17:00〜23:00(L.O.22:30)／土日祝12:00〜23:00(L.O.22:30),,,,,,,,,,@carta_ikebukuro,,,true,true,true,true,,わんこ用にささみを注文可能,2026-07-18,,
beef0000-0000-4000-8000-000000000346,,かざみどり南池袋,池袋,35.72610,139.71880,東京都豊島区南池袋2-41-20,,false,tokyo,40年以上続く老舗洋食店。店内・テラスとも犬同伴OKと公式サイトに明記されている。,050-5488-0363,,10:00〜22:30(L.O.22:00)・ランチ10:30〜15:00(L.O.14:30),月曜定休,,,,,,,,https://ggkw000.gorp.jp/,,,,true,true,true,,,リードフック・お水のサービスあり,2026-07-18,,
beef0000-0000-4000-8000-000000000347,,Chanoma(チャノマ),池袋,35.73040,139.69760,東京都豊島区西池袋5-12-3 ニシイケバレイ,,false,tokyo,西池袋のニシイケバレイ内にあるカフェ。テラス席で犬同伴が可能。,,,,,,,,,,,,,,,,,true,true,,,,2026-07-18,,
beef0000-0000-4000-8000-000000000348,,Jugar cafe(フガールカフェ),池袋,35.72600,139.71900,東京都豊島区南池袋2-43-17,,false,tokyo,ダーツやスポーツ観戦が楽しめるダイニングバー。店内で犬同伴が可能。,,,月〜金11:30〜15:00・19:00〜翌5:00(15:00〜19:00は休憩)／土19:00〜翌5:00／日19:00〜翌3:00,無休,,,,,,,,,,,https://tabelog.com/tokyo/A1305/A130501/13096971/,true,,,,大型犬可否について出典により記載が分かれる(要確認とする情報とOKとする情報),,2026-07-18,,
beef0000-0000-4000-8000-000000000349,,ジェラート ピケ カフェ クレープリー ルミネ池袋,池袋,35.72840,139.70970,東京都豊島区西池袋1-11-1 ルミネ池袋店1F,,false,tokyo,ルミネ池袋内にあるクレープ専門カフェ。テラス席で犬同伴が可能。,,,11:00〜21:00(ルミネ池袋の営業時間に準ずる),ルミネ池袋に準ずる,,,,,,,,,,,https://tabelog.com/tokyo/A1305/A130501/13174165/,,true,,,大型犬可否について出典により記載が分かれる(要確認とする情報とOKとする情報),,2026-07-18,,
beef0000-0000-4000-8000-000000000520,,cafe arica,板橋・練馬,35.76950,139.68250,東京都板橋区南常盤台2-3-12,,false,tokyo,ときわ台駅近くにあるスリランカカレー&イタリアンの隠れ家的カフェ。店内で犬同伴が可能。,03-5948-3885,,13:00〜21:00(月・火・木・金・土),水曜・日曜定休,,,,,,,,,,,https://tabelog.com/tokyo/A1322/A132203/13209285/,true,,true,,,,2026-07-18,,
beef0000-0000-4000-8000-000000000521,,木曜館,板橋・練馬,35.76900,139.68200,東京都板橋区南常盤台1-3-7,,false,tokyo,南常盤台の路地にあるイタリアン食堂。看板犬・看板猫が出迎え、館長のインタビューで犬連れ来店OKと明言されている。,03-3956-1082,,,,,,,,,,,,,,,true,,true,,,,2026-07-18,,
beef0000-0000-4000-8000-000000000522,,ランゾウ,板橋・練馬,35.77150,139.68450,東京都板橋区東山町52-12,,false,tokyo,ときわ台近くの落ち着いた喫茶店。看板犬(チワワ)がおり、犬と一緒に入店できる。,090-6920-2528,,11:00〜20:00(木〜日),月・火・水定休,,,,,,,,,,,https://tabelog.com/tokyo/A1322/A132203/13150986/,true,,true,,,,2026-07-18,,
beef0000-0000-4000-8000-000000000523,,Cafe de Cuore(カフェ・ド・クオーレ),板橋・練馬,35.76600,139.66550,東京都板橋区前野町3-25-2,,false,tokyo,前野町にある薬膳&ヴィーガンカフェ。店内に犬同伴可能で、犬種・サイズの制限がないと出典に記載がある。,03-3960-4355,,ランチ11:00〜14:00(L.O.13:30)・ディナー14:00〜19:00(L.O.18:30),,,,,,,,,https://cafedecuore.com/,,,,true,,true,true,,リード必須(店内で手を離さないよう案内)。複数頭でのお茶会などは事前予約が必要。,2026-07-18,,
beef0000-0000-4000-8000-000000000524,,ドッグカフェ&BAR Petit Leon,板橋・練馬,35.75200,139.70750,東京都板橋区大山西町59-3 シャトレーフローラル1F,,false,tokyo,大山にある昼はカフェ・夜は居酒屋風バーのドッグカフェ。全犬種・ノーリードOKで、犬用の手作りメニューも提供している。,03-5926-6330,,月〜金17:00〜23:00・土日祝12:00〜23:00(L.O.21:30),基本水曜定休,,,,,,,,https://petitleoncafe.wixsite.com/petitleon,@petitleon,,,true,,true,true,サイズ制限なし(全犬種OK),基本ノーリードOK(公式サイトより)。マーキングが心配な場合はマナーベルト着用を推奨。,2026-07-18,,
beef0000-0000-4000-8000-000000000525,,デ・ラ・ナチュール(DE LA NATURE),板橋・練馬,35.77200,139.68000,東京都板橋区常盤台1-1-1,,false,tokyo,ときわ台駅前にあるカフェレストラン。店内・テラスとも犬同伴可能で、犬用の手作りメニューも用意されている。,03-5392-2711,,11:00〜21:00(火〜日),月曜定休,,,,,,,,,,,https://tabelog.com/en/tokyo/A1322/A132203/13031574/,true,true,true,true,,犬用に敷物の貸し出しあり。,2026-07-18,,
beef0000-0000-4000-8000-000000000526,,カフェ フェリーチェ(cafe Felice),板橋・練馬,35.74600,139.63250,東京都練馬区中村南1-27-20 GARDEN SQUARE内,,false,tokyo,都立家政駅近くのガーデンスクウェア内、緑に囲まれた本格イタリアンカフェ。テラス席のみ犬同伴可能(ドッグカフェではない旨、公式に明記)。,03-3825-2992,,,,,,,,,,,https://g-s.jp/?page_id=19,,,,false,true,,,,「当店はドッグカフェではありません」と公式に明記(テラス席限定)。,2026-07-18,,
beef0000-0000-4000-8000-000000000527,,ミヤマ珈琲 練馬春日町店,板橋・練馬,35.75450,139.65100,東京都練馬区春日町6-5-29,,false,tokyo,練馬春日町駅近くの明るいカフェ。テラス席は中型犬までペット同伴可能(公式サイトに明記)。,,,,,,,,,,,,https://miyama-coffee.com/outdoorseat/,,,,false,true,,,中型犬まで(テラス席のみ・雨天時は利用不可),,2026-07-18,,
beef0000-0000-4000-8000-000000000528,,シアン ア ラ モード(Chien a la mode),板橋・練馬,35.75550,139.64150,東京都練馬区氷川台2-11-35,,false,tokyo,氷川台・城北中央公園近くのカフェ。店内で犬同伴可能・リード必須。ワッフルや軽食、犬用メニューも提供。,03-3937-4054,,10:00〜19:00(L.O.閉店30分前・月火木〜日),水曜定休(不定休あり),,,,,,,,https://chien2008.exblog.jp/,,,https://tabelog.com/tokyo/A1322/A132203/13138843/,true,,,,,リード必須。粗相の心配がある犬はマナーベルト・マナーパンツ着用を案内。,2026-07-18,,
beef0000-0000-4000-8000-000000000360,,さくらガーデン ドッグカフェ&ダイニングバー,蒲田・田園調布,35.56097,139.71064,東京都大田区西蒲田8-7-1,,false,tokyo,蒲田駅近くのドッグカフェ&ダイニングバー。店内でも愛犬と並んで食事を楽しめる。,03-6715-8861,,月〜水11:00〜19:00・金土12:00〜23:00・日祝11:00〜16:00,木曜定休(水曜不定休あり),,,,,,,,,@sakuragarden0421,,https://tabelog.com/tokyo/A1315/A131503/13306252/,true,,,,,,2026-07-18,,
beef0000-0000-4000-8000-000000000361,,蒲田カフェ,蒲田・田園調布,35.56616,139.71604,東京都大田区西蒲田5-14-5,,false,tokyo,2021年オープンのカフェ&バー。全席でペット同伴可能で気軽に立ち寄れる。,050-5872-0454,,平日8:00〜23:00(CAFE8:00〜18:00/BAR18:00〜23:00)・土日祝10:00〜23:00,木曜定休,,,,,,,,https://kamata-cafe.com/,,,https://tabelog.com/tokyo/A1315/A131503/13265027/,true,,,,,椅子・ソファーにワンちゃんを乗せる際はシート等の利用をお願いされる,2026-07-18,,
beef0000-0000-4000-8000-000000000362,,サッカバッカ(SaccaBacca),蒲田・田園調布,35.55978,139.71210,東京都大田区西蒲田8-19-3 西蒲田パーソナルハウス1F,,false,tokyo,バナナジュースとパンケーキが人気のドッグカフェ。犬用メニューも用意。,050-3461-2713,,ランチ11:00〜17:00・カフェ13:00〜17:00・ディナー17:00〜21:00(L.O.20:30),月曜定休,,,,,,,,https://acl.tokyo/,@saccabacca,,https://tabelog.com/tokyo/A1315/A131503/13240819/,true,true,,true,出典により幅あり(小型犬までとする情報と、小・中型犬は店内可・大型犬はテラスのみとする情報の両方あり),,2026-07-18,,
beef0000-0000-4000-8000-000000000363,,Deco's Dog Cafe 田園茶房,蒲田・田園調布,35.59842,139.66728,〒145-0071 東京都大田区田園調布2-62-1 東急スクエアガーデンサイト北館1F,,false,tokyo,東急スクエアガーデンサイト内の犬同伴専門カフェ。全犬種・全50席で犬と一緒に過ごせる。,03-3722-5033,,平日10:30〜19:30(L.O.19:00)・休日10:00〜20:00(L.O.食事19:00・ドリンク19:30),不定休,,,,,,,,https://hot-dog.co.jp/cafe/,@decosabou,,,true,true,true,,,店内は必ずリード着用・来店前にトイレを済ませる・無駄吠えに注意(水皿・イス用マット・床用マット貸出あり),2026-07-18,,
beef0000-0000-4000-8000-000000000364,,田園調布倶楽部,蒲田・田園調布,35.59079,139.66821,東京都大田区田園調布1-52-17,,false,tokyo,田園調布駅近くの洋食・鉄板焼きレストラン。テラス席限定で犬同伴が可能。,03-5483-3300,,1Fカフェ ランチ11:00〜15:00/ディナー17:00〜22:00・2Fレストラン ランチ11:30〜15:00/ディナー17:00〜22:00・鉄板焼き田焼 ランチ11:00〜15:00/ディナー17:00〜22:00,月・火曜定休(祝日は営業),,,,,,,,https://www.denenchofuclub.net/,,,,false,true,,,,無料駐車場あり(3台)・事前電話確認推奨,2026-07-18,,
beef0000-0000-4000-8000-000000000365,,FRIEND MONSTER(フレンドモンスター),蒲田・田園調布,35.57358,139.70620,東京都大田区池上4-16-8,,false,tokyo,池上駅近くのドッグカフェ&バー。室内ドッグラン併設で犬用メニューも人気。旧「ドッグカフェ フレンド」を改装。,,,水木18:00〜24:00(L.O.23:00)・金11:00〜15:00(L.O.14:00)/18:00〜24:00(L.O.23:00)・土日祝11:00〜16:00(L.O.15:00)/18:00〜24:00(L.O.23:00),月・火曜定休(不定休あり),,,,,,,,,@friend_monster_2023,,https://tabelog.com/tokyo/A1317/A131714/13284890/,true,,,true,,マナーベルト着用またはカート・かばん内での利用で入店可・室内ドッグラン併設,2026-07-18,,
beef0000-0000-4000-8000-000000000366,,わんこのしっぽ,蒲田・田園調布,35.59434,139.71111,東京都大田区中馬込2-23-7 2F,,false,tokyo,馬込駅近くの室内ドッグラン併設カフェ。愛犬と一緒に食事や休憩ができる。,03-5728-9328,,10:00〜18:00,火曜定休,,,,,,,,https://wankonoshippp.com/,@wankonoshippp,,,true,,,,,室内ドッグラン(91㎡)併設・利用は事前確認推奨,2026-07-18,,
beef0000-0000-4000-8000-000000000367,,TAMAGAWA DINER(多摩川ダイナー),蒲田・田園調布,35.58735,139.66858,〒145-0071 東京都大田区田園調布1-55-20 浅間ビル5号,,false,tokyo,多摩川沿いのロケーションが魅力のダイナー。テラス席でペット同伴が可能。,03-5483-0770,,火〜日11:30〜23:00(L.O.22:00)・祝11:30〜21:00(L.O.20:00),月曜定休(不定休あり),,,,,,,,https://tamagawa-diner.com/,@tamagawadiner,,https://tabelog.com/tokyo/A1317/A131704/13156072/,,true,,,,,2026-07-18,,
beef0000-0000-4000-8000-000000000368,,DELIGHT(ディライト),蒲田・田園調布,35.58746,139.66897,東京都大田区田園調布1-55-14,,false,tokyo,多摩川浅間神社近くのカフェ&バー。フィッシュ&チップスが名物でテラス席は犬同伴可能。,03-6459-7733,,月水〜土11:00〜16:00(ランチ)/16:00〜23:00(ディナーL.O.22:00)・日祝11:00〜16:00(ランチ)/16:00〜21:00(ディナーL.O.20:00),火曜定休(祝日は営業),,,,,,,,https://tamagawa-delight.com/,@tamagawadelight,,https://tabelog.com/tokyo/A1317/A131704/13103131/,false,true,,,,,2026-07-18,,
beef0000-0000-4000-8000-000000000560,,Besties Tokyo,葛飾・江戸川,35.71300,139.85800,東京都葛飾区新小岩2-15-10,,false,tokyo,新小岩の酵素玄米カフェ&ドッグラン併設施設(旧「Royi's club tokyo」がリニューアル)。テラス席は犬同伴が可能。,03-6683-8923,,平日11:00〜15:00・17:00〜20:00(L.O.19:00)/金17:00〜21:00(L.O.20:00)/土日祝11:00〜21:00(L.O.20:00),木曜定休(祝日は営業),,,,,,,,https://bestiestokyo.jp/,,,,,true,,,,屋外ドッグラン併設(カフェ営業時間外も6:00〜21:00で利用可・要ワクチン証明)。店内同伴可否は公式サイトに明記なし,2026-07-18,,
beef0000-0000-4000-8000-000000000561,,Cafe Restaurant+Dog Grandir(グランディール),葛飾・江戸川,35.74500,139.82900,東京都葛飾区堀切4-21-4,,false,tokyo,堀切菖蒲園駅近くのフレンチ系カフェレストラン。全犬種が店内の全席で同伴可能。,03-5875-6165,,火〜金11:30〜14:00・17:30〜20:00/土日祝8:30〜10:00・11:30〜14:00・17:30〜20:00,月曜定休,,,,,,,,,,,,true,,true,,,椅子に乗せる場合はシート持参が必要(公式パートナー情報より),2026-07-18,,
beef0000-0000-4000-8000-000000000562,,Dog Café Bee,葛飾・江戸川,35.74400,139.88200,〒125-0053 東京都葛飾区鎌倉4-33-10(チヨダモール通り内),,false,tokyo,京成小岩近くのドッグカフェ。看板犬のバーニーズマウンテンドッグ「ジェリー」が出迎え、犬を連れていても連れていなくても利用できる。,03-3673-1881,,11:00〜20:00(L.O.19:30),木・金曜定休,,,,,,,,https://foodplace.jp/dogcafebee/,,,,true,,,,,,2026-07-18,,
beef0000-0000-4000-8000-000000000563,,ワン茶房,葛飾・江戸川,35.76169,139.84559,東京都葛飾区亀有4-17-12,,false,tokyo,亀有のアットホームなドッグカフェ。全犬種が店内全席で同伴可能で、フードやおやつの販売も行う。,03-6807-6771,,11:00〜19:00(L.O.18:00),木・金曜定休,,,,,,,,https://www.ensen-ado.com/wanchabou/,,,,true,,true,,,リード必須・男の子はマナーベルト着用必須・椅子に直接乗せない,2026-07-18,,
beef0000-0000-4000-8000-000000000564,,BARCA(バルカ),葛飾・江戸川,35.65485,139.86683,東京都江戸川区中葛西7-17-19,,false,tokyo,葛西の川沿いにあるドッグカフェ。店内・テラスとも犬同伴が可能で、オーガニックコーヒーと軽食が楽しめる。,03-5658-8856,,11:30〜17:00,木曜定休,,,,,,,,https://barcadog.com/,,,,true,true,,,,テラス席は禁煙・カウンター席は喫煙可。昼はドッグカフェ、夜は「そばBAR」として営業,2026-07-18,,
beef0000-0000-4000-8000-000000000565,,KZ House(ケージーハウス),葛飾・江戸川,35.66288,139.87900,東京都江戸川区東葛西6-34-16,,false,tokyo,葛西の住宅街にあるドッグカフェ。看板犬のゾロ君とミロちゃんが出迎え、店内・テラスとも大型犬まで同伴可能。,03-3689-1855,,7:00〜21:00,不定休,,,,,,,,,,,,true,true,true,,,トイレのしつけ・予防接種・無駄吠えのしつけ必須・ヒート中不可・リード使用/カフェマット持参必須(貸出あり),2026-07-18,,
beef0000-0000-4000-8000-000000000566,,わん!リトルガーデン,葛飾・江戸川,35.71119,139.87575,東京都江戸川区大杉5-7-3,,false,tokyo,江戸川区大杉のガラス温室をリノベーションしたカフェ&レストラン。店内全52席で犬同伴が可能で、室内ドッグランも併設。,03-5661-5652,,月〜金11:00〜15:00(L.O.14:00)/土日祝11:00〜21:00(L.O.20:00),年末年始休業,,,,,,,,https://one-littlegarden.jp/,,,,true,,true,,,室内ドッグラン併設(利用無料)・リード必須(散歩エリアの一部除く。大型犬は常にリード必須),2026-07-18,,
beef0000-0000-4000-8000-000000000540,,Cafe&Diner KHB,北千住,35.75030,139.80100,東京都足立区千住3-36 桝屋ビル1F,,false,tokyo,北千住駅西口徒歩3分・桝屋ビル1階のテキサスメキシカン料理のカフェ&ダイナー。ペット同伴が可能で、同伴の場合は予約が推奨されている。,03-3888-3266,,11:30〜23:30(L.O.フード23:00・ドリンク23:00)※ランチタイム〜15:00,火曜定休・不定休あり,,,,,,,,https://www.seven-kitasenju.com/khb,,,,true,,,,,ペット同伴の場合は予約推奨(座席数の制限に関する記載はなし),2026-07-18,,
beef0000-0000-4000-8000-000000000541,,LUSH COFFEE ROASTER&LABORATORY,北千住,35.75050,139.80050,東京都足立区千住3-33 園生ビル1F,,false,tokyo,東ティモール産の豆にこだわる自家焙煎コーヒー専門店。店内奥にガラス扉で仕切られた犬同伴専用スペースがあり、外壁沿いの小さなテラス席でも犬同伴が可能。,03-3881-3558,,9:00〜20:00(L.O.料理18:00),年中無休,,,,,,,,,@lushkafe.asu,,https://tabelog.com/tokyo/A1324/A132402/13263965/,true,true,,,,店内奥はガラス扉で仕切られた犬同伴専用スペース・外壁沿いに小さなテラス席あり(混雑時は入店できない場合あり),2026-07-18,,
beef0000-0000-4000-8000-000000000542,,Takuru(タクる),北千住,35.74780,139.80150,東京都足立区千住仲町18-11 田中仲町ビル,,false,tokyo,北千住駅徒歩4分の台湾人オーナーによる台湾カフェ。1階の座席でペット入店が可能で、散歩ついでの利用も歓迎されている。,03-6812-0641,,11:00〜17:00(L.O.16:30),月曜定休・不定休あり,,,,,,,,,,,https://tabelog.com/tokyo/A1324/A132402/13270381/,true,,,,,1階の座席でペット入店可能と紹介(2階については記載なし),2026-07-18,,
beef0000-0000-4000-8000-000000000543,,JUICE BAR ROCKET(ジュースバーロケット),北千住,35.75350,139.79850,東京都足立区千住1-1-10,,false,tokyo,スムージーやコールドプレスジュースが楽しめるジューススタンド。看板犬が出迎えるペットフレンドリーな店で、店内でリードを外して過ごせたとの紹介もある。,,,11:30〜17:00(ランチL.O.15:30),火曜定休,,,,,,,,https://juicebarrocket.wixsite.com/juicelife,@juicebarrocket,,,true,,,,,店内でリードを外して過ごせたとの紹介あり・水皿やお掃除グッズの用意あり,2026-07-18,,
beef0000-0000-4000-8000-000000000544,,Pizzeria & Trattoria アダッキオ(AD'ACCHIO),北千住,35.74400,139.81100,東京都足立区千住東1-29-12,,false,tokyo,イタリア製の薪窯で焼くナポリ風ピッツァが看板のピッツェリア。ペット同伴はテラス席限定で店内は不可。,050-3138-4020,,平日11:30〜15:00(L.O.14:30)/18:00〜22:00(L.O.21:30)・土日祝11:30〜15:30(L.O.15:00)/17:00〜21:30(L.O.21:00),年中無休,,,,,,,,https://restaurant.balnibarbi.com/shops/adacchio,,,,false,true,,,,,2026-07-18,,
beef0000-0000-4000-8000-000000000545,,オカン焼肉 紅ちゃん 本店,北千住,35.74850,139.80950,東京都足立区千住旭町21-6 平田ビル1F,,false,tokyo,2011年開業の家庭的な雰囲気の焼肉店。テラス席に限りペットの同伴が可能。,,,,,,,,,,,,,,,,,true,,,,,2026-07-18,,
beef0000-0000-4000-8000-000000000546,,焼肉 炙りな 北千住店,北千住,35.75080,139.80000,東京都足立区千住3-58,,false,tokyo,北千住駅西口徒歩5分の韓国料理・焼肉の店。店内でのペット同伴が可能だが小型犬に限られるとの紹介がある。,03-3870-8729,,月〜土17:00〜翌2:00(L.O.1:30)・日祝17:00〜24:00(L.O.23:30),,,,,,,,,https://aburina.gorp.jp/,,,,true,,,,小型犬のみ(専門サイト情報),,2026-07-18,,
beef0000-0000-4000-8000-000000000547,,MILLS COFFEE(ミルズコーヒー),北千住,35.74320,139.79680,東京都足立区千住橋戸町47,,false,tokyo,千住大橋駅徒歩3分ほどのベーカリーカフェ。テラス席でペット同伴が可能で、店内は木曜のみ同伴可能との情報がある。,,,,,,,,,,,,,,,https://tabelog.com/tokyo/A1324/A132402/13261990/,,true,,,,店内同伴は木曜のみとの専門サイト情報あり(要確認)。犬用フックなど店内外の設備の案内も別出典にあり,2026-07-18,,
beef0000-0000-4000-8000-000000000440,,RAD BROS CAFE,高円寺・荻窪,35.70910,139.64890,東京都杉並区高円寺北1-4-2,,false,tokyo,高円寺駅北口近くのバスクチーズケーキとラテが人気のカフェ。店内・テラスとも犬同伴が可能。,,,,,,,,,,,,,,,,true,true,,,,椅子に乗せる場合はカフェマット使用などのマナー案内あり(出典記載),2026-07-18,,
beef0000-0000-4000-8000-000000000441,,Dogberry(ドッグベリー),高円寺・荻窪,35.70780,139.64930,東京都杉並区高円寺北3-24-6 フォーラム高円寺2F,,false,tokyo,高円寺駅北口近くのソファー席主体のカフェ。店内で犬同伴が可能。,,,,,,,,,,,,,,,,true,,,,,ほぼ全席がソファー席・マット使用などのマナー厳守(出典記載),2026-07-18,,
beef0000-0000-4000-8000-000000000442,,スパイスと創作料理 この一杯のために。,高円寺・荻窪,35.70480,139.64930,東京都杉並区高円寺南3-70-2,,false,tokyo,高円寺駅高架下の商業施設内にあるスパイスカレー専門店。テラス席で犬同伴が可能。,,,,,,,,,,,,,,,,,true,,,,店内同伴可否の明記なし・テラス席は通りに面した比較的広めの席(出典記載),2026-07-18,,
beef0000-0000-4000-8000-000000000443,,パンとビストロ 高円寺FLAT(フラット),高円寺・荻窪,35.70470,139.64940,東京都杉並区高円寺南3-70-1,,false,tokyo,高円寺駅高架下のベーカリー併設ビストロ。テラス席で犬同伴が可能。,,,,,,,,,,,,,,,https://tabelog.com/tokyo/A1319/A131904/13283206/,,true,,,,テラス席限定・店内同伴可否の明記なし(出典記載),2026-07-18,,
beef0000-0000-4000-8000-000000000444,,パンとcafé えだおね,高円寺・荻窪,35.70270,139.62070,東京都杉並区荻窪5-23-1 ドゥエル荻窪1F,,false,tokyo,荻窪駅南口近くの行列のできる人気ベーカリーカフェ。テラス席で犬同伴が可能。,,,,,,,,,,,,,,,,,true,,,,テラス席限定・店内同伴可否の明記なし(出典記載),2026-07-18,,
beef0000-0000-4000-8000-000000000445,,TRATTORIA Elmo Cielo(トラットリア エルモチェーロ),高円寺・荻窪,35.70300,139.62050,東京都杉並区荻窪5-22-9 藤ビル1F,,false,tokyo,荻窪駅近くのナポリピッツァが自慢のイタリアンレストラン。屋根付きのテラス席で犬同伴が可能。,03-6276-9560,,,,,,,,,,,https://trattoria-elmocielo.foodre.jp/,,,,,true,,,,ペットOKのテラス席あり(出典記載)・店内同伴可否の明記なし,2026-07-18,,
beef0000-0000-4000-8000-000000000446,,WOODBERRY COFFEE 荻窪店,高円寺・荻窪,35.70950,139.61450,東京都杉並区桃井1-2-2,,false,tokyo,荻窪駅から徒歩圏内のガラス張りロースタリーカフェ。1階の丸テーブル席で犬同伴が可能。,,,,,,,,,,,,,,,,true,,,,1階のみ(出典記載),1階の丸テーブル席を利用(出典記載),2026-07-18,,
beef0000-0000-4000-8000-000000000447,,Cafe さんぽ道,高円寺・荻窪,35.70220,139.62120,東京都杉並区荻窪4-21-10 ドルチェ荻窪,,false,tokyo,2024年11月オープンの荻窪駅南口近くのドッグフレンドリーカフェ。店内で小型犬から大型犬まで同伴が可能。,,,,,,,,,,,,,,,,true,,true,true,,カートでの入店も可能・看板犬がいる(出典記載),2026-07-18,,
beef0000-0000-4000-8000-000000000448,,食事とナチュラルワイン AOLA(アオラ),高円寺・荻窪,35.70850,139.62100,東京都杉並区天沼3-30-41,,false,tokyo,荻窪駅北口近くの食事とナチュラルワインが楽しめるレストラン。店内で小型犬のみ同伴が可能(最大2頭)。,,,,,,,,,,,,,,,https://tabelog.com/tokyo/A1319/A131906/13267765/,true,,false,,小型犬のみ・店内合計2頭まで(中型犬以上は不可),リード必須・椅子に乗せる場合はカフェマット持参必須(出典記載),2026-07-18,,
beef0000-0000-4000-8000-000000000449,,leafis cafe ASAGAYA(リーフィスカフェ阿佐ヶ谷),高円寺・荻窪,35.71080,139.63000,東京都杉並区本天沼1-28-14 エヴァーグリーン阿佐ヶ谷1F,,false,tokyo,阿佐ヶ谷北部の住宅街にあるオーガニックスイーツのカフェ。店内で犬同伴が可能でわんこメニューも充実。,,,,,,,,,,,,,,,,true,,,true,,マット貸出・お水サービスあり(出典記載),2026-07-18,,
beef0000-0000-4000-8000-000000000400,,Dog Cafe Aloha ilio(アロハイーリオ),町田,35.55900,139.43600,東京都町田市本町田1880-3,,false,tokyo,保護犬活動を行うオーナーが営むハワイアンカフェ。小型犬向けのミニドッグランを併設し、愛犬と一緒に食事を楽しめる。,042-709-3990,,11:00〜17:00(土日祝は20:00まで),木曜定休,,,,,,,,https://dogcafe-alohailio.com/index.html,,,,true,true,true,true,,小型犬向けドッグランを併設(店内利用者限定)。大型犬はリード着用でドッグラン利用可。ワクチン接種済であること・他の犬を怖がらせたり執拗に追いかけないこと等のマナー条件あり(すべて公式サイト)。,2026-07-18,,
beef0000-0000-4000-8000-000000000401,,dog cafe petitchien(プティシアン),町田,35.55750,139.43400,東京都町田市本町田1129-1,,false,tokyo,高い天井でゆとりある店内とテラス・ロフト席を備えるドッグカフェ。ラム肉や馬肉を使った犬用メニューが充実している。,042-725-0919,,11:30〜17:00(L.O.16:00),月曜定休(変更あり),,,,,,,,https://dogcafe-petitchien.com/,,,,true,true,true,true,,テラス席・ロフト席は各6頭まで(店内は頭数の明記なし)。店内ではリードを手に持つか席の脚等に固定・マーキング癖がある犬はマナーベルト着用・排泄物は持ち帰り必須(すべて公式サイト)。,2026-07-18,,
beef0000-0000-4000-8000-000000000402,,CAFE花と海,町田,35.59800,139.46200,東京都町田市能ヶ谷1-13-4,,false,tokyo,小田急線鶴川駅近くの一軒家カフェ。看板犬とともに、酵素サラダなど体に優しいメニューを味わえる。,,,11:00〜15:00(L.O.14:30),水・木定休,,,,,,,,https://cafehanatoumi.amebaownd.com/,,,,true,true,true,,,,2026-07-18,,
beef0000-0000-4000-8000-000000000403,,Dog Cafe Uru(ドッグカフェ ウル),町田,35.52200,139.41800,東京都町田市木曽東2-5-1 ラポール町田1F,,false,tokyo,滑りにくい床材と全席のリードフックを備えた、犬に優しい設計のカフェ。,070-1265-7230,,11:00〜18:00(不定休),,,,,,,,,,@dogcafeuru,,,true,,true,true,,床は滑りにくい素材・全席リードフック完備・飲み水提供。バギー(犬用キャリー)での入店も可能。,2026-07-18,,
beef0000-0000-4000-8000-000000000404,,オルオルアイナ(Oluolu Aina),町田,35.58500,139.46800,東京都町田市大蔵町2790-1,,false,tokyo,ハワイ料理を提供するダイニングバー。屋根付きの白いウッドテラス席で愛犬と食事ができる。,042-708-9255,,9:00〜17:00(火曜定休)・金土は9:00〜21:00,火曜定休,,,,,,,,https://oluolu-aina.com/,,,,,true,true,,,ペットカートでの利用も可能。,2026-07-18,,
beef0000-0000-4000-8000-000000000405,,THE CITY BAKERY 南町田グランベリーパーク,町田,35.52900,139.44800,東京都町田市鶴間3-3-1 グランベリーパーク内,,false,tokyo,NY発のベーカリー&レストラン。屋外テラス40席で愛犬と食事ができる(店内は不可)。,042-850-7173,,ベーカリー・カフェ9:00〜21:00(レストランは平日11:00〜21:00・土日祝10:00開店・金土祝前日22:00閉店),,,,,,,,,https://thecitybakery.jp/shop/minamimachida.html,,,,false,true,,,,,2026-07-18,,
beef0000-0000-4000-8000-000000000406,,Snow Peak Cafe&Dining 南町田グランベリーパーク,町田,35.52900,139.44850,東京都町田市鶴間3-4-1 グランベリーパーク内,,false,tokyo,スノーピーク製品を用いたアウトドアテイストのレストラン。テラス席で愛犬と食事ができる(店内は不可)。,,,11:00〜20:00(料理L.O.19:00・ドリンクL.O.19:30),,,,,,,,,https://www.snowpeak.co.jp/news/p20230622/,,,,false,true,,true,,犬用フードメニュー(ビーフ・チキンの2種×S/M/Lサイズ)あり。,2026-07-18,,
beef0000-0000-4000-8000-000000000407,,WIRED KITCHEN 南町田グランベリーパーク,町田,35.52880,139.44820,東京都町田市鶴間3-4-1 グランベリーパークB1F,,false,tokyo,南町田グランベリーパーク内で数少ない、店内の一部エリアでも愛犬と過ごせるカフェ&レストラン。テラス席でも同伴可能。,,,11:00〜22:00,,,,,,,,,,,,,true,true,,,,店内は一部エリアのみペット同伴可(inutome.jp)。グランベリーパーク公式特集ページも店内同伴可能な店舗として紹介。denen-city.comはテラス利用時の案内が中心で店内可否への言及はなし。,2026-07-18,,
beef0000-0000-4000-8000-000000000408,,ファーマーズキッチン 南町田グランベリーパーク,町田,35.52870,139.44810,東京都町田市鶴間3-4-1 グランベリーパーク グリーンリビング1F,,false,tokyo,ガーデンセンターに隣接したイタリアンレストラン。テラス席で愛犬と食事ができる(店内は不可)。,042-850-7231,,11:00〜20:00,,,,,,,,,,,,,false,true,,,,,2026-07-18,,
beef0000-0000-4000-8000-000000000409,,ひつじのショーンビレッジ ショップ&カフェ 南町田グランベリーパーク,町田,35.52890,139.44830,〒194-0004 東京都町田市鶴間3-4-1 グランベリーパーク ワンダーシアター1F,,false,tokyo,『ひつじのショーン』の世界観を楽しめる日本初のミュージアムカフェ。テラス席で愛犬と食事ができる(店内は不可)。,042-850-6940,,10:00〜21:00(L.O.20:00)・テイクアウト11:00〜18:00,,,,,,,,,https://shaunvillage.jp/,,,,false,true,,,,,2026-07-18,,
beef0000-0000-4000-8000-000000000280,,VIRON 丸の内店,丸の内・神田,35.67854,139.76489,東京都千代田区丸の内2-7-3 東京ビルTOKIA 1F,,false,tokyo,東京駅そばTOKIA内にあるフランスパンとワインが自慢のブーランジェリー&ブラッスリー。テラス席限定で犬同伴が可能。,03-5220-7288,,ブーランジェリー・パティスリー9:00〜20:00(ブラッスリーは別途時間帯で営業),TOKIA(東京ビル)の休館日に準ずる(不定休),,,,,,,,,@viron_brasserie,,https://tabelog.com/tokyo/A1302/A130201/13043904/,false,true,true,,,,2026-07-18,,
beef0000-0000-4000-8000-000000000281,,P.C.M. パブ・カーディナル・マルノウチ,丸の内・神田,35.67858,139.76491,東京都千代田区丸の内2-7-3 東京ビルTOKIA 1F,,false,tokyo,丸の内・東京ビルTOKIA内の開放的なテラスが自慢のクラフトビール&パブダイニング。テラス席は犬などのペット同伴が可能。,03-5222-1251,,月〜土11:00〜翌4:00・日祝11:00〜22:00,ビル(TOKIA)の休館日に準ずる,,,,,,,,https://pcm-marunouchi.com/en_us/,,,,false,true,,,,犬以外の小動物(猫・フェレット等)も同伴可との紹介あり,2026-07-18,,
beef0000-0000-4000-8000-000000000282,,Osteria IL VIAGGIO,丸の内・神田,35.67930,139.76775,東京都千代田区丸の内1-9-1 グランルーフ2F(JR東京駅八重洲中央口改札外),,false,tokyo,東京駅八重洲口グランルーフ2階にある薪焼きイタリアン。テラス席は犬同伴で利用可能。,03-6627-2100,,月〜土・祝前日11:00〜23:00・日祝11:00〜22:00,,,,,,,,,,,,https://tabelog.com/tokyo/A1302/A130201/13286321/,false,true,true,,,テラスへの移動時、共用部(エスカレーター・階段等)ではキャリーバッグ等への収納が必要,2026-07-18,,
beef0000-0000-4000-8000-000000000283,,肉ビストロ&クラフトビール ランプラント(l'Empreinte),丸の内・神田,35.68010,139.76256,東京都千代田区丸の内2-2-3 丸の内仲通りビル1F,,false,tokyo,丸の内仲通り沿いの隠れ家的テラスで熟成肉やクラフトビールが楽しめるビストロ。テラス席で犬同伴可能・わんちゃん専用ステーキも用意。,050-5462-2816,,平日ランチ11:30〜14:30(L.O.14:00)・平日ディナー17:30〜23:00(L.O.22:00)/土日祝ランチ11:30〜15:30(L.O.15:00)・土日祝ディナー17:30〜21:30(L.O.21:00),施設(ビル)に準ずる・年末年始休業(要確認),,,,,,,,https://lempreinte.foodre.jp/,,,,false,true,true,true,,わんちゃん専用のステーキメニューあり(公式サイトより),2026-07-18,,
beef0000-0000-4000-8000-000000000284,,ジャンピングパンダ(丸の内テラス),丸の内・神田,35.68428,139.76404,東京都千代田区丸の内1-3-4 丸の内テラス1F,,false,tokyo,丸の内テラスにある四川料理のカジュアル中華バル。ペット同伴時はテラス席限定での利用。,03-6206-3920,,月〜金11:30〜14:30・17:30〜23:00/土日12:00〜15:30・16:00〜21:30/祝日11:30〜15:00・16:00〜21:30,ビル(丸の内テラス)に準ずる・年末年始休業,,,,,,,,https://akr3565174053.owst.jp/,,,,false,true,true,,,,2026-07-18,,
beef0000-0000-4000-8000-000000000285,,ブラッスリー セント・ベルナルデュス 神田(St.Bernardus),丸の内・神田,35.69058,139.76972,東京都千代田区内神田3-6-2 アーバンネット神田ビル1F,,false,tokyo,神田駅そばのベルギービール醸造所の名を冠したブラッスリー。ペット同伴可(専門サイトの案内ではテラス席限定)。,050-5487-9569,,月〜金 昼11:30〜15:00(L.O.14:30)・夜17:00〜23:00(L.O.22:30)/土日祝11:30〜23:00(L.O.22:30),不定休・年末年始休業,,,,,,,,https://p651619.gorp.jp/,,,,,true,,,,公式は無限定の「ペット同伴OK(詳細は問い合わせ)」、pet-restaurant.comはテラス限定と記載。店内可否は要確認,2026-07-18,,
beef0000-0000-4000-8000-000000000286,,CIRCULO(シルクロ),丸の内・神田,35.68366,139.76467,東京都千代田区丸の内1-4-5 三菱UFJ信託銀行本店ビルB1F,,false,tokyo,丸の内・三菱UFJ信託銀行本店ビル地下のフランス料理店。ウッドデッキのテラス席は大型犬まで同伴可能(店内は不可)。,03-5222-6033,,平日ランチ11:00〜14:30(L.O.13:30)・平日ディナー17:30〜22:00(L.O.フード20:00/ドリンク21:30)/土祝ランチ11:00〜14:30(L.O.13:00)・土祝ディナー17:30〜22:00(L.O.21:00),日曜定休,,,,,,,,https://wehavesomething.wixsite.com/circulo,,,https://tabelog.com/tokyo/A1302/A130201/13267769/,false,true,true,,,,2026-07-18,,
beef0000-0000-4000-8000-000000000460,,Terrie's Dog Cafe そら〜ず,中野,35.69600,139.67600,東京都中野区中央5-10-15,,false,tokyo,犬の食育士がオーナーを務める一軒家のドッグカフェ。ノーリードで愛犬とくつろげる、新中野・中野駅からのんびり歩ける住宅街の隠れ家。,,,平日16:00〜22:00・土日祝13:00〜22:00,月曜定休,定休,,,,,,,https://sora0114mako0609.com/dogcafe/,,,https://tabelog.com/en/tokyo/A1319/A131902/13202073/,true,,true,true,,リード不要(ノーリード可)で店内利用可。狂犬病・混合ワクチン接種(1年以内)未接種、トイレのしつけ未完了、ヒート中の犬は利用不可(公式サイトより)。,2026-07-18,,
beef0000-0000-4000-8000-000000000461,,anea cafe 中野新橋店,中野,35.69050,139.67650,東京都中野区本町5-3-8 中野新橋ビル1F,,false,tokyo,中野新橋駅すぐの、犬・猫など幅広いペットと過ごせるカフェ&バー。木のぬくもりある店内は全席ペット同伴可で専用メニューも用意。,03-6382-7928,,11:30〜26:00,無休,,,,,,,,https://anea.jp/,@aneacafe_nakanoshinbashi,,https://tabelog.com/en/tokyo/A1319/A131903/13152894/,true,true,true,true,,リード・マナーベルト着用必須。ヒート中の犬は利用不可(Honda Dog公式サイトより)。,2026-07-18,,
beef0000-0000-4000-8000-000000000462,,GOOD MORNING CAFE 中野セントラルパーク,中野,35.70950,139.66600,東京都中野区中野4-10-2 中野セントラルパークサウス1F,,false,tokyo,中野四季の森公園に面したイタリアン&バルスタイルのカフェ。開放的なテラス席で緑を眺めながら朝食からディナーまで楽しめる。,050-5488-4492,,平日11:00〜22:00(料理L.O.20:30・ドリンクL.O.21:00)・土日祝8:30〜22:00(同L.O.),,,,,,,,,https://gmc-nakano.com/,@gmc__nakano,,https://tabelog.com/en/tokyo/A1319/A131902/13147583/,false,true,,,,テラス席のみ犬同伴可(店内不可)。大型犬可否・頭数上限の記載なし。,2026-07-18,,
beef0000-0000-4000-8000-000000000463,,gufo(グーフォ),中野,35.71850,139.64850,東京都中野区野方5-26-3 パークサイド野方1F,,false,tokyo,ペット用品・雑貨・絵本の販売とカフェを併設した野方の店。動物と人をつなぐコンセプトで、犬・猫と一緒に立ち寄れる。,,,10:30〜19:00,火曜定休・第2第4月曜定休,,定休,,,,,,https://gufo.jp/,@nogatagufo,,https://tabelog.com/tokyo/A1321/A132104/13253094/,true,,,,,お座敷席に上がる際は足を拭きタオル等の敷物を用意(中野区公式サイトより)。ペット撮影会等のイベント時は事前にInstagram等で要確認。,2026-07-18,,
beef0000-0000-4000-8000-000000000464,,LOU,中野,35.70900,139.66500,東京都中野区中野5-53-4,,false,tokyo,パドラーズコーヒー2号店として中野北口の路地裏にあるスタイリッシュなカフェ。焙煎コーヒーと焼き菓子が人気でテラス席あり。,,,月火木金9:00〜16:00・土日8:00〜16:00,水曜定休,,,定休,,,,,,,,https://tabelog.com/en/tokyo/A1319/A131902/13261085/,false,true,,,,テラス席のみ犬同伴可(店内不可)。,2026-07-18,,
beef0000-0000-4000-8000-000000000465,,ヨガカフェ,中野,35.69500,139.67950,東京都中野区本町2-45-2 1F,,false,tokyo,中野坂上の路地にあるヨガスタジオ併設カフェ。きのこカレーが看板メニューで、店頭テラス席のみ犬同伴可能。,,,月水木金11:00〜13:30(L.O.13:00)・土日祝11:00〜15:00(L.O.14:30),,,,,,,,,,,,https://tabelog.com/tokyo/A1319/A131903/13142635/,false,true,,,テラス席2人掛け×2卓のみ(少人数限定),店頭テラス席(2人掛け×2卓)のみ犬同伴可。,2026-07-18,,
beef0000-0000-4000-8000-000000000480,,窯焼きバルカフェ らんぷ+k,押上・錦糸町,35.71080,139.81200,東京都墨田区業平1-22-5 1F,,false,tokyo,押上駅近くでスカイツリーを望むテラス席がある発酵×窯焼きピッツァのバルカフェ。テラス席は犬同伴可・小型犬は抱っこで店内利用も可。,03-5637-8308,,月・水・木11:30〜14:00／17:00〜23:00・金11:30〜14:00／17:00〜24:00・土日11:30〜24:00・祝11:30〜23:00,火曜定休(祝日の場合は翌水曜日),,,,,,,,https://lamp-oshiage.com/,,,,true,true,,,小型犬はテラス・店内(抱っこ)可・中型犬はテラスのみ・カラーとリード持参必須,店内は席が手狭なためテラス席を推奨(店内利用時は抱っこ必須),2026-07-18,,
beef0000-0000-4000-8000-000000000481,,ENRICH,押上・錦糸町,35.71130,139.81450,東京都墨田区業平4-15-9 三谷ビル1F,,false,tokyo,押上駅近くのオールデイダイニングカフェ。ナチュラルワインや多国籍料理が楽しめ、小〜中型犬同伴で店内利用ができる。,03-6456-1621,,月9:00〜16:00・火〜金9:00〜16:00／18:00〜22:00・土日祝9:00〜22:00,不定休,,,,,,,,,,,https://tabelog.com/tokyo/A1312/A131203/13299616/,true,,,,小型〜中型犬まで,,2026-07-18,,
beef0000-0000-4000-8000-000000000482,,PENNY LANE ソラマチ店,押上・錦糸町,35.71010,139.80980,東京都墨田区押上1-1-2 東京ソラマチ,,false,tokyo,東京スカイツリータウン内のベーカリー&パブリック。館内への犬同伴は不可だが、併設のテラス席は犬同伴で利用できる。,03-5608-1960,,ベーカリー9:00〜21:00・パブリック17:00〜22:00(L.O.21:00),定休日なし(東京ソラマチに準ずる),,,,,,,,https://pennylane.company/solamachi,@penny_lane_soramachi,,https://tabelog.com/tokyo/A1312/A131203/13271434/,false,true,,,,東京ソラマチ館内は犬同伴不可・店舗外のテラス席のみ利用可(満席時はソラマチ広場のオープンテラスも利用可とスタッフ案内あり),2026-07-18,,
beef0000-0000-4000-8000-000000000483,,犬茶屋本舗,押上・錦糸町,35.69350,139.79750,東京都墨田区立川3-10-8 パイロットハウス1階,,false,tokyo,古都京都の一戸建てをイメージした黒塗りの外観が目印の和風ドッグカフェ。店内・テラスとも犬同伴可能で、自家製の犬用メニューも豊富。,03-6413-0035,,12:00〜19:00(L.O.18:00)(出典により11:30〜17:00・11:00〜16:00等の記載もあり、要現地確認),木曜定休,,,,,,,,,,,https://tabelog.com/tokyo/A1312/A131201/13096167/,true,true,true,true,中・大型犬もOK,トイレのしつけ必須・予防接種必須・無駄吠えのしつけ必須・ヒート(発情中)の利用不可・リード使用必須・店内はペット可席と一般席に分かれている,2026-07-18,,
beef0000-0000-4000-8000-000000000484,,マキネスティコーヒー 緑本店,押上・錦糸町,35.69350,139.80550,東京都墨田区緑3-11-5,,false,tokyo,錦糸町と両国の間にある本格スペシャルティコーヒーの自家焙煎店。犬同伴に関する個人ブログの紹介はあるが公式方針としては未確認。,03-3846-4321,,10:00〜19:00(L.O.18:30),火曜定休,,,,,,,,https://macchinesticoffee.co.jp/pages/shop,,,,,,,,,店内可否は2018年の個人ブログ体験談1件のみが根拠で店の公式方針の明記ではない。同店には「緑本店」と「テルミナ店」があり、出典はいずれも「緑本店」を名指ししておらず住所からの推定。要現地確認(公式サイトにペット記載なし),2026-07-18,,
beef0000-0000-4000-8000-000000000200,,a-bridge 三軒茶屋店,三軒茶屋・下北沢,35.64320,139.66982,東京都世田谷区三軒茶屋2-14-12 三元ビルRF,,false,tokyo,三軒茶屋駅近くのビル屋上にある隠れ家風カフェ&ダイニングバー。店内・屋上テラスとも犬同伴可能。,03-3418-5013,,12:00〜24:00,水曜定休,,,,,,,,,@abridge2001,,https://tabelog.com/tokyo/A1317/A131706/13021821/,true,true,,,,,2026-07-18,,
beef0000-0000-4000-8000-000000000201,,FUNGO 三宿本店,三軒茶屋・下北沢,35.64176,139.68090,東京都世田谷区下馬1-40-10,,false,tokyo,世田谷公園そばで長年営業するサンドイッチ&ハンバーガー専門店。テラス席は大型犬まで同伴可能(店内は不可)。,03-3795-1144,,10:00〜21:00(L.O.20:00),年末年始休業,,,,,,,,https://www.fungo.com/,@cafe_fungo,,,false,true,true,,,大型犬もテラス席なら同伴可(店内は不可),2026-07-18,,
beef0000-0000-4000-8000-000000000202,,イル ピッツァイオーロ(il Pizzaiolo),三軒茶屋・下北沢,35.64451,139.66876,東京都世田谷区太子堂4-20-7,,false,tokyo,薪窯で焼くナポリピッツァが評判の三軒茶屋のピッツェリア。テラス席のみ犬同伴可能(店内は不可)。,03-3411-5556,,火〜土11:30〜15:00・18:00〜22:30/日11:30〜15:00・18:00〜22:00,月曜定休(他不定休あり),,,,,,,,https://ilpizzaiolo.amebaownd.com/,@il_pizzaiolo_,,https://tabelog.com/tokyo/A1317/A131706/13013741/,false,true,,,,,2026-07-18,,
beef0000-0000-4000-8000-000000000203,,スパイスバル317(サンイチナナ),三軒茶屋・下北沢,35.64087,139.67401,東京都世田谷区三軒茶屋1-7-12,,false,tokyo,20種類以上のスパイスを使うカレー・タパスが楽しめるバル。店内は一部の席のみ犬同伴可能。,03-6450-8850,,月・水〜金17:00〜24:00/土11:30〜24:00/日・祝11:30〜23:00,火曜定休(祝日の場合は営業),,,,,,,,,@spicebar317,,,true,,,,,店内は扉が開いている時のみ・一部席のみ犬同伴可,2026-07-18,,
beef0000-0000-4000-8000-000000000204,,cafe garage Dogberry(ドッグベリー)下北沢,三軒茶屋・下北沢,35.66313,139.66692,東京都世田谷区北沢2-29-16 高木ビル1F,,false,tokyo,アメリカンガレージ風の内装が特徴のカフェ&ダイニングバー。店内・テラス席とも犬同伴可能。,050-5488-2500,,モーニング9:00〜11:00・ランチ11:00〜17:30・ディナー17:30〜24:00,無休,,,,,,,,https://ggs6200.gorp.jp/,,,,true,true,,,,ドッグカフェではないため犬用メニュー等の特別サービスは無し(詳細は要問合せ)。大型犬は要問合せ(petokoto),2026-07-18,,
beef0000-0000-4000-8000-000000000205,,tag cafe(タグカフェ),三軒茶屋・下北沢,35.66094,139.66801,東京都世田谷区北沢2-12-10 サウスサイドII 2B,,false,tokyo,下北沢駅東口徒歩1分のレトロな喫茶店。店内で犬同伴可能。,03-6450-7253,,11:00〜20:00(L.O.19:30),無休,,,,,,,,,@tagcafe_shimokita,,,true,,,,,,2026-07-18,,
beef0000-0000-4000-8000-000000000206,,織部 下北沢店(オリベ),三軒茶屋・下北沢,35.65959,139.66812,東京都世田谷区北沢2-2-3 1F,,false,tokyo,若手陶芸家の和食器を扱うギャラリー併設カフェ。テラス席のみ犬同伴可能(店内は器の展示販売エリアのため不可)。,03-5432-9068,,11:00〜19:00(L.O.18:30),無休(元日のみ休業),,,,,,,,,,,,false,true,,,,テラス席は雨天時もビニール・屋根ありで利用可,2026-07-18,,
beef0000-0000-4000-8000-000000000207,,Waffle cafe ORANGE(ワッフルカフェ・オランジ),三軒茶屋・下北沢,35.66265,139.66656,東京都世田谷区北沢2-26-21 エルファアシティ下北沢1F,,false,tokyo,手作りワッフルが人気のカフェ。テラス席のみ犬同伴可能で大型犬もOK(店内は不可)。,03-5738-5320,,11:00〜19:00,元日休業,,,,,,,,,@waffle_cafe_orange,,https://tabelog.com/tokyo/A1318/A131802/13015567/,false,true,true,,,,2026-07-18,,
beef0000-0000-4000-8000-000000000320,,SHARK COFFEE,渋谷駅周辺,35.66350,139.69820,〒150-0042 東京都渋谷区宇田川町2-1 渋谷ホームズ1F,,false,tokyo,渋谷公園通り沿いのヴィーガン系コーヒースタンド。50席以上の広い店内でソファー席以外は犬同伴可能。,,,9:00〜19:00(L.O.18:30),無休,,,,,,,,https://sharkcoffee.store/,@sharkcoffee_shibuya,,https://tabelog.com/en/tokyo/A1303/A130301/13283725/,true,true,false,true,,ソファー席は犬同伴不可・ワンちゃん用マット貸出とお水の用意あり,2026-07-18,,
beef0000-0000-4000-8000-000000000321,,THE LINKING,渋谷駅周辺,35.66140,139.69780,東京都渋谷区神南1-14-9 第7FMGビル1F,,false,tokyo,神南のアメリカンダイナー。アンガス牛のチャックテールステーキが看板で、店内での犬同伴に対応。,03-6416-5882,,月・火・木・金17:00〜23:00・土日祝11:00〜23:00,水曜定休,,,,,,,,https://linkinggroup.jp/the-linking/,@the_linking_,,,true,false,,,,大型犬可否は出典間で一致せず(詳細は出典参照)・犬種条件は要問合せ,2026-07-18,,
beef0000-0000-4000-8000-000000000322,,Whitely Cafe,渋谷駅周辺,35.66500,139.69650,東京都渋谷区神南1-6-14 ジョルディビル1F,,false,tokyo,代々木公園に近い神南の完全予約制カフェ&バー。白を基調にした店内に小さな滝が流れ、犬同伴でくつろげる。,,完全予約制(Instagram DMのみ),CAFE 10:30〜18:00・BAR 18:00〜22:00,,,,,,,,,,@whitely_cafe,,,true,,false,true,,,2026-07-18,,
beef0000-0000-4000-8000-000000000323,,good fellas,渋谷駅周辺,35.65590,139.69600,東京都渋谷区円山町7-11 梅北ビル3F,,false,tokyo,円山町(神泉)にあるカフェ&バー。深夜まで営業しており、渋谷駅から徒歩圏で仕事帰りにも立ち寄れる。,03-6277-5543,,月〜土12:00〜16:00・18:00〜翌5:00,日曜定休,,,,,,,,,,,https://tabelog.com/en/tokyo/A1303/A130301/13156028/,true,false,false,,,3階のため小型犬はカート等での来店が望ましい,2026-07-18,,
beef0000-0000-4000-8000-000000000324,,Dog Salon & Cafe Karin堂,渋谷駅周辺,35.65580,139.69750,東京都渋谷区桜丘町7-13,,false,tokyo,桜丘町のドッグサロン併設カフェ。オーガニック野菜中心の料理と、犬同伴でくつろげる店内席が特徴。,03-3461-6956,,平日12:00〜15:00(ランチ)・15:00〜19:00(ディナー)・第2/4土曜13:00〜15:00(ランチ)・15:00〜18:00(ディナー),第1・3・5土曜/日曜/祝日定休,,,,,,,,,,,,true,,true,true,,総席数18席のうち犬同伴可18席,2026-07-18,,
beef0000-0000-4000-8000-000000000325,,mum coffee,渋谷駅周辺,35.65490,139.69700,東京都渋谷区桜丘町10-6 1F,,false,tokyo,桜丘町にある小さなコーヒースタンド。焼き菓子やアサイーボウルを提供する、犬連れ散歩の合間に立ち寄れるカフェ。,,,平日8:30〜18:00・土日11:00〜18:00,月曜定休,,,,,,,,,@mumcoffeeshibuya,,,true,,true,,,,2026-07-18,,
beef0000-0000-4000-8000-000000000326,,君のハンバーグを食べたい渋谷店,渋谷駅周辺,35.66250,139.69750,東京都渋谷区宇田川町13-16 コクサイビルA館2F,,false,tokyo,宇田川町にあるハンバーグ専門店。精米から手がける自家製ライスが自慢で、テラス席は犬同伴可能。,050-5456-6964,,11:00〜22:00(L.O.21:00),,,,,,,,,,@kimino_hamburg_shibuyaten,,https://tabelog.com/en/tokyo/A1303/A130301/13301975/,false,true,,,,大型犬の可否は要確認,2026-07-18,,
beef0000-0000-4000-8000-000000000327,,Tokyo Kenkyo,渋谷駅周辺,35.65250,139.69400,東京都渋谷区南平台町7-9 2F,,false,tokyo,南平台町の住宅街にある隠れ家的カフェ。厚切りかつサンドが人気で、店内全席が犬同伴可能。,03-6416-4751,,火〜土8:00〜17:00,月・日定休,,,,,,,,,@kenkyo_nanpeidai,,https://tabelog.com/en/tokyo/A1303/A130301/13178629/,true,,true,true,,,2026-07-18,,
beef0000-0000-4000-8000-000000000328,,Restaurant Bar BORNE,渋谷駅周辺,35.65650,139.69550,〒150-0044 東京都渋谷区円山町5-4 Field A Shibuya 101,,false,tokyo,円山町の農家イタリアン。山口県の自社農園から届く野菜と自家製パスタが特徴で、開放的なテラス席は犬同伴可能。,050-5488-6529,,月木日18:00〜23:30(L.O.22:30)・金土18:00〜24:00(L.O.23:00)・火〜金ランチ12:00〜14:30(L.O.14:00),,,,,,,,,https://gay3100.gorp.jp/,@borne_shibuya,,,false,true,,,,,2026-07-18,,
beef0000-0000-4000-8000-000000000329,,Vegeater,渋谷駅周辺,35.65800,139.70650,〒150-0011 東京都渋谷区東1-14-12 常盤松マンション1F,,false,tokyo,宮益坂寄りの東一丁目にあるヴィーガンレストラン。個室では大型犬まで同伴可能。,090-8590-1144,個室のみ・予約推奨,,,,,,,,,,,,,https://tabelog.com/en/tokyo/A1303/A130301/13257077/,true,false,true,,,個室のみ利用可・座席数限定のため要予約,2026-07-18,,
beef0000-0000-4000-8000-000000000220,,ハーベステラス 品川店,品川・大井町,35.62500,139.73800,東京都港区高輪4-8-4 モンベル高輪ビル B1F,,false,tokyo,モンベル高輪ビル地下1階、吹き抜けのテラス席が心地よいナチュラルダイニングカフェ。テラス席は犬同伴可。,,,,,,,,,,,,,,,,false,true,,,,,2026-07-18,,
beef0000-0000-4000-8000-000000000221,,オービカ モッツァレラバー 高輪店,品川・大井町,35.62850,139.73850,東京都港区高輪4-10-18 ウィング高輪WEST-II 1F,,false,tokyo,水牛モッツァレラなどイタリア産チーズが自慢のモッツァレラ専門レストラン。中庭のようなテラス席で犬同伴が楽しめる。,,,11:00〜23:00（L.O.22:00）,,,,,,,,,,,,,false,true,,,,,2026-07-18,,
beef0000-0000-4000-8000-000000000222,,高輪バール・デルソーレ,品川・大井町,35.62855,139.73855,東京都港区高輪4-10-18 ウィング高輪WEST 1F,,false,tokyo,赤いパラソルが目印のイタリアンバール。ペット同伴OKと案内されている（テラス席が中心）。,050-5489-3075,,11:00〜23:00（L.O.22:00）,不定休日あり,,,,,,,,,,,,false,true,,,,,2026-07-18,,
beef0000-0000-4000-8000-000000000223,,オーバカナル 高輪店,品川・大井町,35.62830,139.73870,東京都港区高輪4-10-8 京急第7ビル 1F,,false,tokyo,フランス風ブランジェリー・カフェ・ブラッスリーを併設する複合店舗。テラス席は屋根付きで雨天でも犬同伴で利用できる。,,,11:00〜22:00,年中無休,,,,,,,,,,,,false,true,,,,テラス席は天井あり（雨の日も利用可）,2026-07-18,,
beef0000-0000-4000-8000-000000000224,,COFFEE STAND .OTTEN,品川・大井町,35.62950,139.74050,東京都港区港南1-8-35 コクヨ東京品川オフィス 1F,,false,tokyo,文具メーカー・コクヨの品川本社1階にあるコーヒースタンド。緑に囲まれたウッドデッキのテラス席は大型犬まで同伴可能（店内は不可）。,090-3428-6777,,,,,,,,,,,https://otten.tokyo/,,,,false,true,true,,,,2026-07-18,,
beef0000-0000-4000-8000-000000000225,,Mon-TERCERO（テルセーロ）,品川・大井町,35.62500,139.74200,東京都港区港南2-3-13 品川フロントビル 1F,,false,tokyo,品川フロントビル1階のレストラン。テラス席でペット同伴が可能。,,,,,,,,,,,,,,,,false,true,,,,,2026-07-18,,
beef0000-0000-4000-8000-000000000226,,Los Angeles BALCONY Terrace Restaurant & Moon Bar,品川・大井町,35.62700,139.74150,東京都港区港南1-2-70 品川シーズンテラス 2F,,false,tokyo,品川シーズンテラス2階、カリフォルニア料理のレストラン＆バー。ランチタイムのテラス席は小型〜中型犬まで同伴可能。,03-6433-2455,,,,,,,,,,,https://www.los-angeles-balcony.com/,,,,false,true,false,,小型〜中型犬のみ可（ランチタイムのテラス席限定）,ランチタイムのテラス席限定。ディナー等その他時間帯の可否は出典に記載なし,2026-07-18,,
beef0000-0000-4000-8000-000000000227,,NATURE&MEAT GROVE PARK VIEW,品川・大井町,35.60550,139.73150,"東京都品川区広町2-1-3,17,21 他（OIMACHI TRACKS 2F）",,false,tokyo,OIMACHI TRACKS（大井町トラックス）2階のオールデイダイニング。緑に囲まれたテラス席は犬同伴可能。,,,,,,,,,,,,,,,,false,true,,,,,2026-07-18,,
beef0000-0000-4000-8000-000000000228,,les joues de bébé,品川・大井町,35.60550,139.73150,"東京都品川区広町2-1-3,17,21 他（OIMACHI TRACKS 3F）",,false,tokyo,OIMACHI TRACKS（大井町トラックス）3階のベーカリー。テラス席で犬と一緒にパンを楽しめる（トレインビューあり）。,,,,,,,,,,,,,,,,false,true,,,,,2026-07-18,,
beef0000-0000-4000-8000-000000000260,,The Jones Café | Bar,新宿,35.68950,139.69460,東京都新宿区西新宿3-4-7 キンプトン新宿東京 1F,,false,tokyo,キンプトン新宿東京1階のニューヨークスタイルカフェ&バー。公式サイトに1予約あたり犬4頭まで同伴可能と明記されている。,03-6258-1111,,7:00〜22:00(朝食・ランチ・ディナー通し営業。出典により6:30〜23:00とする記載もあり),,,,,,,,,https://www.kimptonshinjuku.com/tokyo-restaurants/the-jones/,,,,true,,true,,,1予約につき犬4頭まで同伴可(公式サイト明記)。カフェマット持参が必要(出典記載)。オリジナルボーンクッキーの提供あり(正式な犬用フードメニューではない、と公式は案内)。,2026-07-18,,
beef0000-0000-4000-8000-000000000261,,District ブラッスリー・バー・ラウンジ,新宿,35.68950,139.69460,東京都新宿区西新宿3-4-7 キンプトン新宿東京 2F,,false,tokyo,キンプトン新宿東京2階のブラッスリー&バー&ラウンジ。公式サイトはテラスと店内ラウンジエリアに限り犬同伴可能と案内。,,,朝食6:30〜11:00・ランチ11:30〜17:00(アフタヌーンティー11:30〜15:00)・ディナー18:00〜23:00(出典記載、フードL.O.21:00),,,,,,,,,https://www.kimptonshinjuku.com/tokyo-restaurants/%E3%83%87%E3%82%A3%E3%82%B9%E3%83%88%E3%83%AA%E3%82%AF%E3%83%88-%E3%83%96%E3%83%A9%E3%83%83%E3%82%B9%E3%83%AA%E3%83%BC%E3%83%90%E3%83%BC%E3%83%BB%E3%83%A9%E3%82%A6%E3%83%B3%E3%82%B8-%E6%9D%B1%E4%BA%AC/,,,,true,true,,,,犬同伴はテラス席と店内「ラウンジ」エリアに限る(一般の店内席は不可、公式サイト明記)。1予約につき犬4頭まで同伴可(The Jones Café|Barと共通の公式案内文言)。大型犬可否は公式に明記なし(ブログ1件は大型犬も同伴可と紹介するが単独出典)。,2026-07-18,,
beef0000-0000-4000-8000-000000000262,,BOWLS cafe(ボウルズカフェ),新宿,35.69070,139.70800,東京都新宿区新宿2-5-16 霞ビル1F,,false,tokyo,新宿三丁目駅近くの犬同伴OKカフェ。店内・テラスとも犬同伴可能で大型犬も歓迎している。,03-3341-4331,,11:30〜17:00(L.O.16:00)。ランチは平日11:30〜14:30(公式サイト記載),,,,,,,,,https://bowlscafe.com/,,,,true,true,true,,,椅子やソファ席を利用する場合はカフェマットを敷いて対応(出典記載)。手作り犬用おやつの販売あり(正式なフードメニューの明記なし)。,2026-07-18,,
beef0000-0000-4000-8000-000000000263,,ARMWOOD COTTAGE(アームウッドコテージ),新宿,35.68850,139.71080,東京都新宿区新宿1-10-5 岡田ビル2F,,false,tokyo,新宿御苑近くの隠れ家風コテージカフェ。店内・テラスとも犬同伴可能で、犬用の盛り合わせメニューも用意している。,,,,,,,,,,,,,,,https://tabelog.com/tokyo/A1304/A130402/13041657/,true,true,,true,,大型犬可否は出典間で対立(あるブログは「不可」、別のブログ2件は「可」と紹介)のため空欄とした。同伴希望は予約時に備考欄への記載が必要(食べログ店舗情報)。平日は喫煙可・土日は禁煙との紹介あり(出典記載)。,2026-07-18,,
beef0000-0000-4000-8000-000000000264,,ミルリトンカフェ(Mirliton Cafe),新宿,35.68750,139.71950,東京都新宿区富久町16-12,,false,tokyo,新宿御苑前駅そばの隠れ家カフェ。犬同伴は店内1階席に限り可能。,03-6886-7474,,平日11:30〜19:00・土日祝11:30〜21:00(出典記載、要公式確認),,,,,,,,,,,,https://tabelog.com/en/tokyo/A1304/A130402/13203391/,true,,,,店内同伴は1階席のみ(2階・ロフト等は不可)。食べログ英語版の店舗情報欄に明記。,,2026-07-18,,
beef0000-0000-4000-8000-000000000265,,Cafe du Riche(カフェドリッチェ),新宿,35.70100,139.70000,東京都新宿区大久保1-17-10,,false,tokyo,新大久保・大久保エリアの韓国風カフェ。犬同伴はテラス席に限り可能。,,,平日9:00〜23:30・土日祝9:00〜24:00(L.O.は閉店1時間前。出典記載、要公式確認),,,,,,,,,,,,,false,true,,,,テラス席は間隔が広くカート利用もしやすいと紹介(出典記載)。大型犬可否の明記は出典になし。,2026-07-18,,
beef0000-0000-4000-8000-000000000266,,In the Garden 135(イン・ザ・ガーデン135),新宿,35.69600,139.68850,東京都新宿区西新宿8-4-17 ホテルローズガーデン新宿1F,,false,tokyo,ホテルローズガーデン新宿1階のテラスレストラン。犬同伴はテラス席に限り可能。,03-3362-0279,,朝食7:00〜10:30(L.O.10:00)・ランチ11:30〜15:00(L.O.14:30)・ティータイム15:00〜17:00(L.O.16:30)・ディナー17:30〜21:30または22:30(曜日により変動。出典記載),,,,,,,,,,,,,false,true,,,,単独出典(petokoto)のみでの確認のため大型犬可否等は要重点確認。公式サイト・現地一次情報では犬同伴に関する記載を確認できなかった。,2026-07-18,,
beef0000-0000-4000-8000-000000000267,,Dog Cafe & Bar Deco et Deco(デコデコ),新宿,35.70200,139.68700,東京都新宿区北新宿4-8-20 ヴィヤンビル1F,,false,tokyo,北新宿の犬同伴専門カフェ&バー。トイプードルの看板犬「デコポン」店長がいる。,03-6679-4488,,11:30〜21:00(ランチ11:30〜14:30),木曜定休(雪の日・台風の日も休業),,,,,,,,https://decoetdeco.p-kit.com/,,,,true,,,true,,大型犬可否は出典に明記なし(要確認)。,2026-07-18,,
beef0000-0000-4000-8000-000000000380,,S・E・C GREEN SPRINGS,立川・昭島,35.70360,139.41188,東京都立川市緑町3番1 GREEN SPRINGS 2F,,false,tokyo,GREEN SPRINGS内の緑と芝生に囲まれたテラス席が魅力のフレンチ・イタリアンダイニング。ランチのサラダビュッフェが人気で、テラス席のみ犬同伴可能。,042-519-3560,,平日ランチ11:00〜16:00(L.O.14:30)・ディナー17:00〜22:00(L.O.21:00)・土日祝11:00〜22:00(ランチL.O.14:30・ディナーL.O.21:00),,,,,,,,,https://greensprings.jp/shop/s_e_c/,,,,false,true,,,,テラス席のみ犬同伴可(店内不可),2026-07-18,,
beef0000-0000-4000-8000-000000000381,,Sestina（セスティーナ）,立川・昭島,35.70360,139.41188,東京都立川市緑町3番1 GREEN SPRINGS 2F,,false,tokyo,GREEN SPRINGS内でジェラートやタルトが楽しめるデザートカフェ。芝生を望むテラス席のみ犬同伴可能(店内は不可)。,042-595-7888,,平日10:00〜19:00・土日祝9:00〜19:00(一部ドリンクのみL.O.18:30),,,,,,,,,https://greensprings.jp/shop/sestina/,,,https://tabelog.com/tokyo/A1329/A132901/13249176/,false,true,,,,テラス席のみ犬同伴可・店内(30席)は不可・注文時はカウンターへ行く必要あり,2026-07-18,,
beef0000-0000-4000-8000-000000000382,,Rojiura Curry SAMURAI. 立川店,立川・昭島,35.70360,139.41188,東京都立川市緑町3番1 GREEN SPRINGS 2F,,false,tokyo,北海道発祥のスープカレー専門店。GREEN SPRINGSの緑を望むテラス席8席でのみ犬同伴可能。,042-512-8773,,11:00〜21:00(L.O.20:15),,,,,,,,,https://greensprings.jp/shop/samurai/,,,,false,true,,,,テラス席8席のみ犬同伴可・ピーク時は早めの来店推奨,2026-07-18,,
beef0000-0000-4000-8000-000000000383,,CANTERA（カンテラ）立川店,立川・昭島,35.69718,139.41175,東京都立川市柴崎町2-2-1 KSビル1F,,false,tokyo,立川駅南口すぐのイタリア料理店。大きな石窯で焼く本格ナポリピッツァが人気で、天気の良い日はテラス席のみ犬同伴で利用できる。,042-525-6290,,月〜金11:00〜15:00・17:00〜23:00・土11:00〜23:00・日祝11:00〜22:00,,,,,,,,,https://mothers-place.com/shop/cantera_tachikawa/,,,,false,true,,,,テラス席のみ犬同伴可(樽状テーブル)・混雑時は入店不可の場合あり・事前電話推奨,2026-07-18,,
beef0000-0000-4000-8000-000000000384,,MOTHERS ORIENTAL,立川・昭島,35.70064,139.41384,東京都立川市曙町2-8-5 シネマシティ1F,,false,tokyo,立川駅北口シネマシティ内のイタリアン・オリエンタルダイニング。テラス席で犬同伴が可能。,042-528-0855,,ブランチ&ディナー[月〜土]11:00〜23:00(L.O.22:00)・[日祝]11:00〜22:00(L.O.21:00),,,,,,,,,https://mothers-place.com/shop/mothers_oriental/,,,,false,true,,,,テラス席のみ犬同伴可(道路に面したテラス席),2026-07-18,,
beef0000-0000-4000-8000-000000000385,,江戸前 松栄寿司,立川・昭島,35.69282,139.39610,東京都立川市富士見町7-22-14,,false,tokyo,創業45年以上の江戸前寿司店。犬同伴を歓迎しており、小型犬はカウンター席、大きめの犬は座敷席で同伴できる。来店した犬にゆでた血合いをプレゼントするなど犬連れに手厚い老舗。,042-524-6958,,11:30〜22:00(通し営業),木曜定休,,,,,,,,https://syoeizushi.com/,,,,true,,true,true,,小型犬はカウンター席・大きめの犬は座敷席で同伴可・来店犬にゆでた血合いと血合スープを無料提供・誕生月は血合入り卵ケーキ(大型犬用写真あり)・ペットホテル併設,2026-07-18,,
beef0000-0000-4000-8000-000000000386,,ハーベステラス 昭島アウトドアヴィレッジ店,立川・昭島,35.71664,139.36165,東京都昭島市代官山2-6-1 モリパーク アウトドアヴィレッジ内,,false,tokyo,モンベルがプロデュースするナチュラル・ダイニングカフェ。季節野菜の料理やカリーライス・コーヒー・スイーツが楽しめる。テラス席のみリード着用で犬同伴可能。,042-549-0535,,11:00〜20:30(L.O.19:45),水曜定休,,,,,,,,https://store.montbell.jp/harvesterrace/,,,,false,true,,,,テラス席のみ犬同伴可(リード必須)・施設全体でキャリーまたはカート使用時のみ入店可,2026-07-18,,
beef0000-0000-4000-8000-000000000300,,MEAT×WINE BISTRO DOMANNAKA,上野・谷根千,35.70950,139.77850,東京都台東区東上野1-13-2 成田第2ビル1F,,false,tokyo,御徒町エリアの肉とワインのビストロ。小型・中型犬は店内同伴可で大型犬は応相談。,,,平日11:30〜14:30・17:00〜23:00／土15:00〜23:00／日祝休業,日曜・祝日定休,,,,,,,,,,,,true,,,,,,2026-07-18,,
beef0000-0000-4000-8000-000000000301,,Nagi,上野・谷根千,35.71230,139.77900,東京都台東区東上野3-23-5,,false,tokyo,上野駅近くの隠れ家的カフェ。自家焙煎コーヒーとフレンチトーストが人気で、犬は抱っこ・床置き・バッグでの同伴が可能。,070-9153-5161,,8:30〜17:00,不定休,,,,,,,,,,,,true,,,,抱っこ・床置き・バッグ内に限り同伴可(ベビーカー不可),,2026-07-18,,
beef0000-0000-4000-8000-000000000302,,EVERYONEs CAFE,上野・谷根千,35.71600,139.77450,東京都台東区上野公園8-4号,,false,tokyo,上野恩賜公園内、国立西洋美術館そばの緑に囲まれたカフェ。ペット同伴はテラス席限定。,03-5815-8251,,平日10:00〜21:00(L.O.20:00)／土日9:00〜21:00(L.O.20:00),,,,,,,,,https://shop.create-restaurants.co.jp/0941/,,,,false,true,,,,テラス席のみ同伴可,2026-07-18,,
beef0000-0000-4000-8000-000000000303,,Le quattro stagioni,上野・谷根千,35.71750,139.77350,東京都台東区上野公園1-59,,false,tokyo,上野恩賜公園内、上野東照宮そばのイタリアンレストラン。店内席に加え、ペットと食事を楽しめるテラス席を用意。,03-3824-0014,,11:00〜20:00(ドリンクL.O.19:30・フードL.O.19:00)※通し営業,無休(年末年始休業あり),,,,,,,,,,,,false,true,true,,,,2026-07-18,,
beef0000-0000-4000-8000-000000000304,,スターバックスコーヒー上野恩賜公園店,上野・谷根千,35.71590,139.77350,東京都台東区上野公園8-22,,false,tokyo,上野恩賜公園の竹の台広場に面したスターバックス。テラス席69席でペット同伴が可能。,03-5834-1630,,8:00〜21:00,,,,,,,,,https://store.starbucks.co.jp/detail-1087/,,,,false,true,,,,テラス席にリードを結べるポールとペット用クッションを設置(ドッグメニュー・お水サービスはなし)。大型犬可否は出典対立(wankonowaは可・doghuggyは小型犬のみ)・要確認,2026-07-18,,
beef0000-0000-4000-8000-000000000305,,HAGI CAFE,上野・谷根千,35.72560,139.76690,東京都台東区谷中3-10-25 HAGISO 1F,,false,tokyo,築68年の木造アパートを改装した複合文化施設HAGISO内のカフェ。テラス席のみペット同伴可。,03-5832-9808,,モーニング8:00〜10:30／火水木12:00〜17:00／金土日12:00〜20:00,月曜・第2火曜定休,,,,,,,,https://hagiso.com/hagiso/,,,,false,true,,,,,2026-07-18,,
beef0000-0000-4000-8000-000000000306,,GRAPHY NEZU CAFE&LOUNGE,上野・谷根千,35.71960,139.76580,東京都台東区池之端4-5-10 HOTEL GRAPHY根津 1F,,false,tokyo,ホテルグラフィー根津1階のカフェ&ラウンジ。ワンちゃんと一緒に過ごせるテラス席を完備。,,,モーニング7:30〜11:00(L.O.10:30)／ランチ11:00〜17:00(L.O.16:30)／ディナー17:00〜21:30(L.O.21:00),無休,,,,,,,,https://hotelgraphy-nezu.foodre.jp/,,,,,true,,,,,2026-07-18,,
beef0000-0000-4000-8000-000000000307,,サクラカフェ&レストラン日暮里(SAKURA CAFE),上野・谷根千,35.72680,139.77000,東京都文京区千駄木3-43-15 サクラホテル日暮里 1F,,false,tokyo,サクラホテル日暮里に隣接する24時間営業の国際色豊かなカフェ&レストラン。店内・テラスとも犬・猫同伴可能。,,,24時間営業,,,,,,,,,,,,,true,true,,,,猫も同伴可・ワンちゃん用のお水を用意,2026-07-18,,
