cafe_id,type,reference,claimed_status,claimed_condition,verified_at,provenance
beef0000-0000-4000-8000-000000000001,blog,https://www.gowithdog.org/tennoz_ile_whatcafe/,allowed,,2026-07-05,aggregated
beef0000-0000-4000-8000-000000000002,blog,https://www.gowithdog.org/tennoz_tyharbor/,conditional,テラス席のみ犬同伴可（店内は不可）,2026-07-05,aggregated
beef0000-0000-4000-8000-000000000003,blog,https://wankonowa.com/column/communication/vol-51/,conditional,屋外席（テラス・ドームテント・コタツ席）のみ犬OK（店内不可）,2026-07-05,aggregated
beef0000-0000-4000-8000-000000000004,tabelog,https://tabelog.com/tokyo/A1314/A131404/rstLst/cond10-01-00/cafe/,conditional,テラス席のみペット同伴可,2026-07-05,aggregated
beef0000-0000-4000-8000-000000000005,other,https://www.hotpepper.jp/SA11/Y025/XA2H/1190010/U030/,conditional,テラス席はペット同伴可（店内は未確認）,2026-07-05,aggregated
beef0000-0000-4000-8000-000000000006,blog,https://dog-eats.tokyo/monsoon-cafe/,conditional,店内は入口付近の一部席のみ犬同伴可(奥は不可)・テラス席(屋根なし)は同伴可,2026-07-16,aggregated
beef0000-0000-4000-8000-000000000006,blog,https://wankonowa.com/column/2355/,conditional,店内・テラスとも犬同伴可・大型犬もOKと紹介(頭数制限の記載なし),2026-07-16,aggregated
beef0000-0000-4000-8000-000000000007,blog,https://odekake-wanko-bu.com/midtree_daikanyama/,conditional,店内は犬同伴可(大型犬はテラス席のみ),2026-07-16,aggregated
beef0000-0000-4000-8000-000000000007,blog,https://sheage.jp/article/109569,conditional,店内・テラス共に犬同伴可・大型犬はテラスのみ・1グループ2頭まで,2026-07-16,aggregated
beef0000-0000-4000-8000-000000000007,official_hp,https://midtree.jp/shop/daikanyama/,conditional,店内までワンちゃん連れ可能と明記(テラス・大型犬の条件はブログ側で確認),2026-07-16,aggregated
beef0000-0000-4000-8000-000000000008,blog,https://dog-eats.tokyo/cafemichelangelo/,allowed,,2026-07-16,aggregated
beef0000-0000-4000-8000-000000000008,blog,https://sheage.jp/article/109569,allowed,,2026-07-16,aggregated
beef0000-0000-4000-8000-000000000008,blog,https://www.bungohills.com/dogcafe-daikanyama,allowed,,2026-07-16,aggregated
beef0000-0000-4000-8000-000000000009,blog,https://www.gowithdog.org/daikanyama_ivy_place/,conditional,テラス席のみ犬同伴可(店内不可),2026-07-16,aggregated
beef0000-0000-4000-8000-000000000009,blog,https://www.bungohills.com/dogcafe-daikanyama,conditional,テラス席のみ(店内不可),2026-07-16,aggregated
beef0000-0000-4000-8000-000000000010,official_hp,https://store.bluebottlecoffee.jp/pages/daikanyama,conditional,店内の一部の席はペット同伴で利用可能(詳細条件は別紙案内),2026-07-16,aggregated
beef0000-0000-4000-8000-000000000010,blog,https://sheage.jp/article/109569,conditional,店内(一部)・テラス共に犬同伴可・大型犬はテラスのみ・1グループ3頭まで,2026-07-16,aggregated
beef0000-0000-4000-8000-000000000011,tabelog,https://tabelog.com/tokyo/A1303/A130303/13257400/dtlrvwlst/B445178934/,allowed,,2026-07-16,aggregated
beef0000-0000-4000-8000-000000000011,blog,https://wankonowa.com/column/2355/,allowed,,2026-07-16,aggregated
beef0000-0000-4000-8000-000000000012,blog,https://sheage.jp/article/109569,allowed,,2026-07-16,aggregated
beef0000-0000-4000-8000-000000000012,blog,https://odekake-wanko-bu.com/daikanyama-dogcafe/,allowed,,2026-07-16,aggregated
beef0000-0000-4000-8000-000000000013,blog,https://sheage.jp/article/109569,allowed,,2026-07-16,aggregated
beef0000-0000-4000-8000-000000000160,blog,https://wankonowa.com/column/dogcafe/1645/,allowed,,2026-07-17,aggregated
beef0000-0000-4000-8000-000000000160,blog,https://wankonowa.com/column/3576/,allowed,,2026-07-17,aggregated
beef0000-0000-4000-8000-000000000160,blog,https://odekake-wanko-bu.com/spot/dogdept_asakusa/,conditional,店内同伴可(犬種条件は要問い合わせ)。テラスの犬同伴可否は明記なし,2026-07-17,aggregated
beef0000-0000-4000-8000-000000000160,official_hp,https://www.dogdept.com/shoplist/area03_21.html,allowed,,2026-07-17,aggregated
beef0000-0000-4000-8000-000000000161,blog,https://shoutago.hateblo.jp/entry/2021/11/27/075619,conditional,テラス席のみ犬同伴可(店内の記載なし),2026-07-17,aggregated
beef0000-0000-4000-8000-000000000161,blog,https://tsutsujilog.net/asakusa-7/,conditional,テラス席のみ犬同伴可(店内の記載なし),2026-07-17,aggregated
beef0000-0000-4000-8000-000000000161,blog,https://wankonowa.com/column/dogcafe/1645/,conditional,テラス席のみ犬同伴可(店内の記載なし),2026-07-17,aggregated
beef0000-0000-4000-8000-000000000162,blog,https://wankonowa.com/column/dogcafe/1645/,conditional,テラス席のみ犬同伴可(店内不可)。大型犬もテラスなら可,2026-07-17,aggregated
beef0000-0000-4000-8000-000000000162,blog,https://wankonowa.com/column/3576/,conditional,テラス席のみ犬同伴可(店内不可)。大型犬もテラスなら可,2026-07-17,aggregated
beef0000-0000-4000-8000-000000000163,blog,https://otterthesausage.com/dogfriendly-restaurant_tokyo-kuramae_paradise-poki/,allowed,,2026-07-17,aggregated
beef0000-0000-4000-8000-000000000163,blog,https://dogdog.site/paradise_poke/,allowed,,2026-07-17,aggregated
beef0000-0000-4000-8000-000000000163,blog,https://wankonowa.com/column/dogcafe/1645/,conditional,愛犬同伴可能エリア:店内(混雑状況により制限あり)。大型犬同伴OK,2026-07-17,aggregated
beef0000-0000-4000-8000-000000000164,blog,https://wankonowa.com/column/3576/,allowed,,2026-07-17,aggregated
beef0000-0000-4000-8000-000000000165,blog,https://irohameguri.jp/food/petokcafe-kuramae/,conditional,イートイン時はカート・ドッグバッグに入れた状態で犬同伴可(テイクアウトはそのまま入店可),2026-07-17,aggregated
beef0000-0000-4000-8000-000000000165,blog,https://irohameguri.jp/food/mable/,conditional,イートイン時はカート・ドッグバッグに入れた状態で犬同伴可(テイクアウトはそのまま入店可),2026-07-17,aggregated
beef0000-0000-4000-8000-000000000165,tabelog,https://tabelog.com/en/tokyo/A1311/A131103/13275522/,conditional,イートイン時はカートまたはドッグバッグに入れた状態で犬同伴可,2026-07-17,aggregated
beef0000-0000-4000-8000-000000000166,blog,https://irohameguri.jp/food/petokcafe-kuramae/,conditional,入口付近の席のみペット同伴可(店内は一部限定),2026-07-17,aggregated
beef0000-0000-4000-8000-000000000166,blog,https://wankonowa.com/column/dogcafe/1645/,conditional,店内は一部の席のみ、テラス席は同伴可,2026-07-17,aggregated
beef0000-0000-4000-8000-000000000167,blog,https://san-tatsu.jp/articles/289637/,allowed,,2026-07-17,aggregated
beef0000-0000-4000-8000-000000000167,blog,https://wankonowa.com/column/dogcafe/1645/,allowed,,2026-07-17,aggregated
beef0000-0000-4000-8000-000000000167,blog,https://wankonowa.com/column/3576/,allowed,,2026-07-17,aggregated
beef0000-0000-4000-8000-000000000100,blog,https://wankonowa.com/column/2389/,allowed,,2026-07-17,aggregated
beef0000-0000-4000-8000-000000000100,blog,https://petokoto.com/articles/122,allowed,,2026-07-17,aggregated
beef0000-0000-4000-8000-000000000100,blog,https://www.bungohills.com/dogcafe-ebisu,allowed,,2026-07-17,aggregated
beef0000-0000-4000-8000-000000000100,blog,https://milkyblog.net/burger-mania-ebisu/,allowed,店内全席で犬同伴可(全35席),2026-07-17,aggregated
beef0000-0000-4000-8000-000000000101,blog,https://www.bungohills.com/dogcafe-hiroo,allowed,,2026-07-17,aggregated
beef0000-0000-4000-8000-000000000101,blog,https://milkyblog.net/burger-mania/,allowed,テラス席・奥のソファー席とも犬連れ利用可,2026-07-17,aggregated
beef0000-0000-4000-8000-000000000102,official_hp,https://areverieterrace.owst.jp/,allowed,,2026-07-17,aggregated
beef0000-0000-4000-8000-000000000102,blog,https://petokoto.com/articles/122,conditional,大型犬の同伴についても同伴可能と記載,2026-07-17,aggregated
beef0000-0000-4000-8000-000000000102,blog,https://www.bungohills.com/dogcafe-ebisu,allowed,,2026-07-17,aggregated
beef0000-0000-4000-8000-000000000102,blog,https://doghuggy.petgo.jp/dogmap/spot/2732,conditional,入店範囲は小型犬の店内可とのみ記載(大型犬の記載なし),2026-07-17,aggregated
beef0000-0000-4000-8000-000000000103,blog,https://www.bungohills.com/dogcafe-hiroo,allowed,,2026-07-17,aggregated
beef0000-0000-4000-8000-000000000103,blog,https://dog-eats.tokyo/bondaicafe-hiroo/,allowed,,2026-07-17,aggregated
beef0000-0000-4000-8000-000000000103,other,https://gh2t700.gorp.jp/,allowed,,2026-07-17,aggregated
beef0000-0000-4000-8000-000000000104,blog,https://wankonowa.com/column/2389/,allowed,,2026-07-17,aggregated
beef0000-0000-4000-8000-000000000104,official_hp,https://evergreen-pet.com/,allowed,,2026-07-17,aggregated
beef0000-0000-4000-8000-000000000105,official_hp,https://tengenjicafe.jp/,conditional,テラス席のみ犬同伴可(店内の記載なし),2026-07-17,aggregated
beef0000-0000-4000-8000-000000000105,blog,https://www.bungohills.com/dogcafe-hiroo,conditional,テラス席のみ犬同伴可(店内不可),2026-07-17,aggregated
beef0000-0000-4000-8000-000000000106,blog,https://wankonowa.com/column/2389/,conditional,店内同伴OKだが大型犬は不可,2026-07-17,aggregated
beef0000-0000-4000-8000-000000000107,blog,https://www.bungohills.com/dogcafe-hiroo,conditional,テラス席のみ犬同伴可(店内不可),2026-07-17,aggregated
beef0000-0000-4000-8000-000000000020,official_hp,https://www.billsjapan.com/en/locations/futakotamagawa,conditional,テラス席のみペット同伴可(補助犬以外は要問合せ),2026-07-17,aggregated
beef0000-0000-4000-8000-000000000020,blog,https://www.gowithdog.org/post-7295/,conditional,テラス席のみ犬同伴可,2026-07-17,aggregated
beef0000-0000-4000-8000-000000000020,blog,https://petoria-tokyo.jp/feature/futakotamagawa-lunch/,conditional,テラス席のみ可・建物内移動時は全身が入るバッグやカートが必要,2026-07-17,aggregated
beef0000-0000-4000-8000-000000000020,other,https://restaurant.ikyu.com/105380,not_allowed,,2026-07-17,aggregated
beef0000-0000-4000-8000-000000000021,blog,https://www.gowithdog.org/futakotamagawa_rize_rigoletto/,conditional,テラス席のみペット同伴可(看板に「PET WELCOME」・テラス席へ案内),2026-07-17,aggregated
beef0000-0000-4000-8000-000000000021,blog,https://www.gowithdog.org/post-4375/,conditional,テラス席のみ犬連れ可能(テラス4席),2026-07-17,aggregated
beef0000-0000-4000-8000-000000000022,blog,https://petokoto.com/articles/83,conditional,テラス席(12〜2月は店内席も利用可能)・大型犬も対応,2026-07-17,aggregated
beef0000-0000-4000-8000-000000000022,blog,https://pet-restaurant.com/report-chichicafe/,conditional,ペットはテラス席のみ同伴可能(店舗方針は変更の可能性ありとの注記あり),2026-07-17,aggregated
beef0000-0000-4000-8000-000000000022,tabelog,https://tabelog.com/en/tokyo/A1317/A131708/13093876/,conditional,テラス席のみペット可の表示(Terrace seating Pets and smoking allowed),2026-07-17,aggregated
beef0000-0000-4000-8000-000000000023,tabelog,https://tabelog.com/en/tokyo/A1317/A131708/13058141/,conditional,テラス席のみペット同伴可(Pets are only allowed on the terrace seating),2026-07-17,aggregated
beef0000-0000-4000-8000-000000000024,blog,https://www.go-with-pet.com/news_bZQlGjynz0_238.html,conditional,通常はテラス席のみ・毎月1日/11日/21日/31日の「わんちゃんデー」は小型犬に限り店内同伴可(トイレのしつけ・予防接種・無駄吠えしつけが条件・大型犬中型犬とヒート中は不可),2026-07-17,aggregated
beef0000-0000-4000-8000-000000000024,blog,https://pet-restaurant.com/report-bleueblanche/,conditional,ペットは毎月1・11・21日のみ店内同伴可・それ以外はテラス席のみ,2026-07-17,aggregated
beef0000-0000-4000-8000-000000000025,blog,https://www.favy.jp/topics/20835,conditional,テラス席(ひさし有り)のみペット同伴可,2026-07-17,aggregated
beef0000-0000-4000-8000-000000000025,blog,https://futakotamagawa.century21-life.com/gourmet/other/futakotamagawa-lemaghreb-w682-20260706/,conditional,ペット可のテラス席ありとの紹介(店内は言及なし),2026-07-17,aggregated
beef0000-0000-4000-8000-000000000025,tabelog,https://tabelog.com/en/tokyo/A1317/A131708/13003145/,conditional,店内の一部・テラスともペット同伴可との表示(Some indoor areas and the terrace seating are pet-friendly),2026-07-17,aggregated
beef0000-0000-4000-8000-000000000026,blog,https://petoria-tokyo.jp/feature/futakotamagawa-lunch/,conditional,テラス席のみ可・共有部でのペット移動ルール確認が必須,2026-07-17,aggregated
beef0000-0000-4000-8000-000000000026,blog,https://www.gowithdog.org/post-4375/,conditional,テラス席のみ犬連れ可能,2026-07-17,aggregated
beef0000-0000-4000-8000-000000000026,blog,https://www.enjoytokyo.jp/article/107902/,conditional,ペット同伴はテラスのみ可・テラス暖房器具あり(「冬でも屋外ヒーターがあるので快適に過ごせます」),2026-07-17,aggregated
beef0000-0000-4000-8000-000000000027,blog,https://petoria-tokyo.jp/feature/futakotamagawa-lunch/,conditional,テラス席のみ可(全40席のウッドデッキ),2026-07-17,aggregated
beef0000-0000-4000-8000-000000000027,blog,https://co-trip.jp/article/542070,conditional,テラス席で犬と過ごせる・犬用の水やリードフックを用意,2026-07-17,aggregated
beef0000-0000-4000-8000-000000000027,tabelog,https://tabelog.com/en/tokyo/A1317/A131708/13166283/,conditional,テラス席のみペット可の表示(Pet friendly - accommodate pets on the terrace),2026-07-17,aggregated
beef0000-0000-4000-8000-000000000014,official_hp,https://jiyugaoka-castanet.favy.jp/,conditional,テラスだけでなく店内一部ワンちゃんOKと明記,2026-07-17,aggregated
beef0000-0000-4000-8000-000000000014,blog,https://dog-eats.tokyo/castanet/,allowed,,2026-07-17,aggregated
beef0000-0000-4000-8000-000000000014,blog,https://good-life-with-dog.com/20181207_001/,allowed,,2026-07-17,aggregated
beef0000-0000-4000-8000-000000000015,official_hp,https://ghzt100.gorp.jp/,allowed,,2026-07-17,aggregated
beef0000-0000-4000-8000-000000000015,blog,https://pet-restaurant.com/report-jiyugaoka-burger/,conditional,屋上テラス席のみ・店内不可,2026-07-17,aggregated
beef0000-0000-4000-8000-000000000015,blog,https://petokoto.com/articles/1102,conditional,屋上テラスのみ,2026-07-17,aggregated
beef0000-0000-4000-8000-000000000016,other,https://www.honda.co.jp/dog/travel/data/shutters/,conditional,テラス席のみ・全犬種OK(4テーブル8席限定),2026-07-17,aggregated
beef0000-0000-4000-8000-000000000016,blog,https://petokoto.com/articles/1102,conditional,テラス席のみ・大型犬OK,2026-07-17,aggregated
beef0000-0000-4000-8000-000000000017,official_hp,https://lattegraphic.co.jp/shoplist/shoplist-2-351/,conditional,テラスのみ可(店内不可),2026-07-17,aggregated
beef0000-0000-4000-8000-000000000017,blog,https://dog-eats.tokyo/lattegraphic/,conditional,テラス犬OK・店内犬NG・ワンちゃんメニュー(300円)あり,2026-07-17,aggregated
beef0000-0000-4000-8000-000000000018,blog,https://dog-eats.tokyo/torattoriamocco/,conditional,店内入口側4人掛け×4席のみ犬同伴可(奥のエリアは不可),2026-07-17,aggregated
beef0000-0000-4000-8000-000000000018,blog,https://petokoto.com/articles/1102,conditional,店内OK・大型犬OK(店内が狭いため注意),2026-07-17,aggregated
beef0000-0000-4000-8000-000000000019,blog,https://dog-eats.tokyo/plus-veganique/,conditional,ソファ席1席のみ犬同伴可・要予約推奨(席はやや上階寄りと記述),2026-07-17,aggregated
beef0000-0000-4000-8000-000000000019,other,https://hachidory.com/restaurant/00/id=551/,conditional,1階ソファ席限定・小型犬のみ入店可,2026-07-17,aggregated
beef0000-0000-4000-8000-000000000040,official_hp,https://88ya.jp/,conditional,テラス席のみペット同伴でご利用いただける旨を明記(店内は不可の趣旨),2026-07-17,aggregated
beef0000-0000-4000-8000-000000000040,other,https://www.honda.co.jp/dog/travel/data/hachijuhachiya/,conditional,中型犬までは店内同伴OK・大型犬もOKだがテラス席のみ利用可,2026-07-17,aggregated
beef0000-0000-4000-8000-000000000040,blog,https://pet-restaurant.com/report-88ya/,allowed,,2026-07-17,aggregated
beef0000-0000-4000-8000-000000000040,blog,https://wankonowa.com/column/dogcafe/1581/,conditional,テラス席のみ同伴可・大型犬OK,2026-07-17,aggregated
beef0000-0000-4000-8000-000000000040,blog,https://doghuggy.petgo.jp/dogmap/spot/286,conditional,入店範囲は小型犬(ケージに入れれば店内可)。ペットカートは店内が狭いためテラス席のみ案内,2026-07-17,aggregated
beef0000-0000-4000-8000-000000000041,blog,https://wankonowa.com/column/dogcafe/1581/,conditional,店内・テラス可、大型犬はテラス・屋上席のみ。ワクチン接種済みの犬のみ・ヒート中の犬は同伴不可,2026-07-17,aggregated
beef0000-0000-4000-8000-000000000041,blog,https://kichijoji-gourmet.com/thehohbyfafa/,allowed,,2026-07-17,aggregated
beef0000-0000-4000-8000-000000000041,blog,https://pet-restaurant.com/report-thehouseofhoundsbyfafa/,conditional,ペット入店範囲は店内・テラス。ワクチン接種済み・無駄吠えやヒート中でないこと・店内はリード着用必須と明記,2026-07-17,aggregated
beef0000-0000-4000-8000-000000000042,official_hp,https://akr2187802039.owst.jp/,conditional,テラス席のみペット同伴でご利用いただける旨を明記(店内不可),2026-07-17,aggregated
beef0000-0000-4000-8000-000000000042,blog,https://pet-restaurant.com/report-la-befana/,conditional,ペット入店範囲はテラスのみと明記,2026-07-17,aggregated
beef0000-0000-4000-8000-000000000043,blog,https://pet-restaurant.com/report-pizzeriatrattoria-gonzo/,conditional,ペット入店範囲はテラス席のみと明記(ビニールシート・ペットカート可・ドッグメニュー無・水飲み無・リードフック無),2026-07-17,aggregated
beef0000-0000-4000-8000-000000000044,blog,https://www.gowithdog.org/inokashira_park_usagikan/,allowed,,2026-07-17,aggregated
beef0000-0000-4000-8000-000000000044,blog,https://www.kichijoji-go.net/cafe/usagi.html,allowed,,2026-07-17,aggregated
beef0000-0000-4000-8000-000000000044,blog,https://wankonowa.com/column/dogcafe/1581/,allowed,,2026-07-17,aggregated
beef0000-0000-4000-8000-000000000045,blog,https://wankonowa.com/column/dogcafe/1581/,allowed,,2026-07-17,aggregated
beef0000-0000-4000-8000-000000000045,blog,https://inunavi.plan-b.co.jp/inucafe_kitijouji/,allowed,,2026-07-17,aggregated
beef0000-0000-4000-8000-000000000046,official_hp,https://www.syuna-bani.net/,allowed,,2026-07-17,aggregated
beef0000-0000-4000-8000-000000000046,blog,https://wankonowa.com/column/dogcafe/1581/,allowed,,2026-07-17,aggregated
beef0000-0000-4000-8000-000000000046,blog,https://doghuggy.petgo.jp/dogmap/spot/291,conditional,入店範囲(小型犬)店内可・ドッグメニュー有,2026-07-17,aggregated
beef0000-0000-4000-8000-000000000120,blog,https://san-tatsu.jp/articles/284465/,allowed,,2026-07-17,aggregated
beef0000-0000-4000-8000-000000000120,blog,https://www.veltra.com/jp/yokka/article/cafe-tanton/,allowed,,2026-07-17,aggregated
beef0000-0000-4000-8000-000000000120,blog,https://kotomise.jp/shops/cafe-tanton/,allowed,,2026-07-17,aggregated
beef0000-0000-4000-8000-000000000120,tabelog,https://tabelog.com/tokyo/A1313/A131303/13257909/,allowed,,2026-07-17,aggregated
beef0000-0000-4000-8000-000000000121,blog,https://odekake-wanko-bu.com/spot/iki-roastery-eatery/,conditional,店内は犬同伴可(犬種条件は要問い合わせ)。テラスの記載なし,2026-07-17,aggregated
beef0000-0000-4000-8000-000000000121,blog,https://www.veltra.com/jp/yokka/article/iki-roastery-eatery/,conditional,店内・テラスともに犬同伴可。ただし同伴で座れる席は限られる場合があり犬用メニューの提供はなし,2026-07-17,aggregated
beef0000-0000-4000-8000-000000000122,other,https://petlife.asia/petcafe/531/,conditional,店内・テラスとも犬同伴可。大型犬は要相談のため来店前に要電話,2026-07-17,aggregated
beef0000-0000-4000-8000-000000000122,tabelog,https://tabelog.com/tokyo/A1313/A131303/13251582/,allowed,,2026-07-17,aggregated
beef0000-0000-4000-8000-000000000123,blog,https://www.innuis.com/dog/introduce/%E3%82%A2%E3%83%8D%E3%82%AB%E3%83%95%E3%82%A7%E3%83%A2%E3%83%B3%E3%83%8A%E3%82%AB%E3%83%B4%E3%82%A3%E3%83%AC%E3%83%83%E3%82%B8%E6%B1%9F%E6%9D%B1%E5%8C%BA%E5%AF%8C%E5%B2%A1,conditional,店内・テラスとも犬同伴可。ただしサイズ別推奨度は大型犬×と紹介されており要個別確認,2026-07-17,aggregated
beef0000-0000-4000-8000-000000000123,blog,https://note.com/loyal_flax3251/n/nc17396730bee,allowed,,2026-07-17,aggregated
beef0000-0000-4000-8000-000000000124,blog,https://www.go-with-pet.com/news_9WfnVfpHy.html,conditional,店内は入口側1卓・テラスは2卓のみ犬同伴可(大型犬可)。頭数が限られるため事前予約が望ましい,2026-07-17,aggregated
beef0000-0000-4000-8000-000000000124,blog,https://petoria-tokyo.jp/feature/monzennakacho-lunch/,conditional,店内・テラスとも犬同伴可。要電話またはDM予約・カフェマット等要持参(ペットカート不可),2026-07-17,aggregated
beef0000-0000-4000-8000-000000000124,tabelog,https://tabelog.com/tokyo/A1313/A131303/13180864/,conditional,テラス席(2卓)と店内入口側の1卓のみ犬同伴可。予約は電話で受付,2026-07-17,aggregated
beef0000-0000-4000-8000-000000000125,official_hp,https://chatiere-tokyo.com/,conditional,ペットはカートで入店可(専用のドッグフレンチコースを注文する必要あり),2026-07-17,aggregated
beef0000-0000-4000-8000-000000000125,tabelog,https://tabelog.com/tokyo/A1313/A131303/13008017/dtlrvwlst/B36979403/,allowed,,2026-07-17,aggregated
beef0000-0000-4000-8000-000000000126,official_hp,https://clannbytheriver.jp/,conditional,ウッドテラス席のみ犬同伴可(店内不可)。お水とドッグトリーツを提供,2026-07-17,aggregated
beef0000-0000-4000-8000-000000000126,other,https://r.gnavi.co.jp/19fmp0n60000/,conditional,テラスのみ犬同伴可(小型・中型・大型犬いずれも可)。店内は同伴不可,2026-07-17,aggregated
beef0000-0000-4000-8000-000000000126,tabelog,https://tabelog.com/tokyo/A1313/A131303/13207479/,conditional,テラス席のみ犬同伴可(カート含め店内不可)。テラスにリードフックあり,2026-07-17,aggregated
beef0000-0000-4000-8000-000000000127,other,https://pet-restaurant.com/tokyo-monzennakacho-kiba-toyocho/,conditional,ペットはテラス席のみ可,2026-07-17,aggregated
beef0000-0000-4000-8000-000000000127,blog,https://oshi-china.com/monzennakacho_picchi/,conditional,ペットはテラス席のみ可,2026-07-17,aggregated
beef0000-0000-4000-8000-000000000060,official_hp,https://www.black-terrace.jp/pet-friendly/,conditional,店内犬同伴可・リードを短く持つかキャリー/バギー使用・1グループ原則3頭まで・ソファ/イス着席は体重7kg以下の犬のみ,2026-07-17,aggregated
beef0000-0000-4000-8000-000000000060,blog,https://odekake-wanko-bu.com/spot/black_terrace/,conditional,店内OK・テラスOK・大型犬まで(要予約)・リード必須・マナーパンツ持参推奨・1グループ3頭まで,2026-07-17,aggregated
beef0000-0000-4000-8000-000000000060,blog,https://dog-eats.tokyo/blackterrace/,conditional,店内OK・テラスは会員制(一人500円)・来店時は事前連絡必須・犬用メニュー(茹で牛肉ロース)とお水サービスあり(大型犬可否の明記なし),2026-07-17,aggregated
beef0000-0000-4000-8000-000000000061,blog,https://dog-eats.tokyo/onigiricafe/,conditional,店内はどの席も犬同伴OK・カート利用は入口付近の席のみ・犬用メニュー/お水サービスはなし,2026-07-17,aggregated
beef0000-0000-4000-8000-000000000061,blog,https://wankonowa.com/column/1858/,allowed,,2026-07-17,aggregated
beef0000-0000-4000-8000-000000000062,blog,https://wankonowa.com/column/1858/,conditional,店内は一部席のみ犬同伴可・テラスは全面OK・犬用メニューあり,2026-07-17,aggregated
beef0000-0000-4000-8000-000000000062,blog,https://www.bungohills.com/dogcafe-nakameguro,conditional,店内は入口付近の一部席(3席程度)のみ・テラスは全面OK,2026-07-17,aggregated
beef0000-0000-4000-8000-000000000062,blog,https://media.imakoapp.com/meguro-river-pet-friendly-cafe/,allowed,,2026-07-17,aggregated
beef0000-0000-4000-8000-000000000062,blog,https://www.urimaru.blog/%E4%B8%AD%E7%9B%AE%E9%BB%92%E3%81%AE%E3%83%9A%E3%83%83%E3%83%88%E5%8F%AF%E3%82%AB%E3%83%95%E3%82%A7%EF%BC%81%EF%BC%86-oimo-tokyo-cafe/,conditional,テラス席と一部の店内がペット同伴可能,2026-07-17,aggregated
beef0000-0000-4000-8000-000000000063,blog,https://wankonowa.com/column/1858/,conditional,店内・テラスともOKだが大型犬はテラスのみと明記,2026-07-17,aggregated
beef0000-0000-4000-8000-000000000063,blog,https://odekake-wanko-bu.com/spot/roju-cafe/,conditional,店内OK・テラスOK・イスの上はNG・犬種は要問い合わせ,2026-07-17,aggregated
beef0000-0000-4000-8000-000000000063,blog,https://media.imakoapp.com/meguro-river-pet-friendly-cafe/,allowed,,2026-07-17,aggregated
beef0000-0000-4000-8000-000000000063,blog,https://inunavi.plan-b.co.jp/inucafe_nakameguro/,conditional,テラス席のみ犬同伴OKで店内は不可と明記(他3出典と相違・要注意),2026-07-17,aggregated
beef0000-0000-4000-8000-000000000064,blog,https://wankonowa.com/column/1858/,allowed,,2026-07-17,aggregated
beef0000-0000-4000-8000-000000000064,blog,https://hina-diary.amebaownd.com/posts/22071132/,conditional,ワンコエリアは店内及びテラス・椅子には店が貸し出すマットを敷いて利用,2026-07-17,aggregated
beef0000-0000-4000-8000-000000000064,blog,https://note.com/hayaf3/n/n6c739fed420c,allowed,,2026-07-17,aggregated
beef0000-0000-4000-8000-000000000065,blog,https://inuyume.com/nakameguro-slow-table/,allowed,,2026-07-17,aggregated
beef0000-0000-4000-8000-000000000065,blog,https://www.advance-real.co.jp/blog/petcafe-nakameguro/,conditional,緑に囲まれたオープンテラスで犬と食事可能と明記(店内可否の直接記載なし),2026-07-17,aggregated
beef0000-0000-4000-8000-000000000066,blog,https://www.bungohills.com/dogcafe-nakameguro,conditional,店内は2テーブル限定で犬同伴可・テラスの記載なし,2026-07-17,aggregated
beef0000-0000-4000-8000-000000000066,blog,https://good-life-with-dog.com/20181127_001/,conditional,店内奥のソファ席と通路を挟んだ4人掛け2卓のみ犬同伴可・川沿いの窓際席は不可,2026-07-17,aggregated
beef0000-0000-4000-8000-000000000066,blog,https://wankonowa.com/column/1858/,conditional,店内一部席のみ犬同伴可・テラスの記載なし・大型犬は不可と明記,2026-07-17,aggregated
beef0000-0000-4000-8000-000000000140,blog,https://www.honda.co.jp/dog/travel/data/cafe-dogdept/,allowed,,2026-07-17,aggregated
beef0000-0000-4000-8000-000000000140,official_hp,https://www.dogdept.com/shoplist/area03_3.html,allowed,,2026-07-17,aggregated
beef0000-0000-4000-8000-000000000140,blog,https://petokoto.com/articles/115,allowed,,2026-07-17,aggregated
beef0000-0000-4000-8000-000000000140,blog,https://doghuggy.petgo.jp/media/4656,allowed,,2026-07-17,aggregated
beef0000-0000-4000-8000-000000000141,official_hp,https://www.billsjapan.com/en/locations/odaiba,allowed,,2026-07-17,aggregated
beef0000-0000-4000-8000-000000000141,official_hp,https://www.odaiba-decks.com/shop/detail/13052000?tenant_cd=13052000,conditional,店内利用時はペットゲージまたはペットカートの使用が必須(テラスは終日同伴可),2026-07-17,aggregated
beef0000-0000-4000-8000-000000000142,official_hp,https://www.odaiba-decks.com/shop/detail/13051001?tenant_cd=13051001,conditional,リードに繋いでいればテラス席のみペット同伴可(店内不可),2026-07-17,aggregated
beef0000-0000-4000-8000-000000000142,blog,https://petokoto.com/articles/115,conditional,ペットはテラス席のみ同伴可能・冬季はテラス自体の利用が不可,2026-07-17,aggregated
beef0000-0000-4000-8000-000000000142,official_hp,https://logic-odaiba.gorp.jp/,unverified,,2026-07-17,aggregated
beef0000-0000-4000-8000-000000000143,blog,https://www.gowithdog.org/odaiba_the_open_bakery_sandwich_and_coffee/,conditional,テラス席で犬同伴可(店内可否の記載なし),2026-07-17,aggregated
beef0000-0000-4000-8000-000000000143,blog,https://www.dog-cafe-life.saikisyoji.com/2023/05/%E3%80%90the-open-bakery%E3%80%91%E3%81%8A%E5%8F%B0%E5%A0%B4%E3%81%AE%E3%83%86%E3%83%A9%E3%82%B9%E3%83%9A%E3%83%83%E3%83%88ok%E3%81%AE%E3%82%AB%E3%83%95%E3%82%A7%EF%BC%86%E3%83%99%E3%83%BC%E3%82%AB/,conditional,テラス席のみペット同伴OKのカフェ&ベーカリーと紹介,2026-07-17,aggregated
beef0000-0000-4000-8000-000000000144,official_hp,https://www.eggsnthingsjapan.com/odaiba/,conditional,テラス席のみペット同伴可(店内不可),2026-07-17,aggregated
beef0000-0000-4000-8000-000000000144,official_hp,https://www.aquacity.jp/facility/pet/,conditional,3F Eggs 'n Thingsは抱っこまたはリードでの入店可・館内移動はペットカート/キャリーバッグに全身収納必須,2026-07-17,aggregated
beef0000-0000-4000-8000-000000000144,blog,https://www.gowithdog.org/odaiba-eggs-thingth-restrant/,conditional,テラス席がペット同伴可能なレストランと紹介,2026-07-17,aggregated
beef0000-0000-4000-8000-000000000145,official_hp,https://www.ccinc-love.com/lesdeuxbleue/,conditional,店内は犬のみペット同伴可(他のペットは不可),2026-07-17,aggregated
beef0000-0000-4000-8000-000000000145,blog,https://www.wan-vanlife.com/2022/10/24/les_deux_bleue/,conditional,ららぽーと豊洲内で数少ない店内も犬同伴可のレストランと紹介,2026-07-17,aggregated
beef0000-0000-4000-8000-000000000145,official_hp,https://mitsui-shopping-park.com/lalaport/toyosu/shopguide/700329.html,allowed,,2026-07-17,aggregated
beef0000-0000-4000-8000-000000000146,official_hp,https://www.toyosu-sail-park.jp/pets/,conditional,店内のみ入店可能(テラス席なし)・リード/キャリーいずれも対応,2026-07-17,aggregated
beef0000-0000-4000-8000-000000000146,other,https://www.veltra.com/jp/yokka/article/anea-cafe-toyoshu/,conditional,1グループ最大6頭まで(大型犬は3頭まで)・リード着用とカフェマット使用が基本と紹介,2026-07-17,aggregated
beef0000-0000-4000-8000-000000000146,blog,https://inuyume.com/toyosu-sail-park/,conditional,店内のみ入店可能・テラス席なし・わんちゃん用メニューありと紹介,2026-07-17,aggregated
beef0000-0000-4000-8000-000000000147,official_hp,https://www.toyosu-sail-park.jp/shop/shop-288/,unverified,,2026-07-17,aggregated
beef0000-0000-4000-8000-000000000147,official_hp,https://www.toyosu-sail-park.jp/pets/,conditional,テラス席のみ入店可能・キャリーバッグ使用時のみ対応(リードでの入店は不可),2026-07-17,aggregated
beef0000-0000-4000-8000-000000000147,blog,https://inuyume.com/sail-park-dabocca/,conditional,テラスのみ入店可能と紹介,2026-07-17,aggregated
beef0000-0000-4000-8000-000000000147,blog,https://toyosu.tokyo/gourmet/pizzeria-da-bocca/,conditional,テラス席はペットOKと紹介,2026-07-17,aggregated
beef0000-0000-4000-8000-000000000148,official_hp,https://www.toyosu-sail-park.jp/shop/shop-207/,conditional,テラス席でペット同伴可(店内可否・リード/キャリーの条件は本ページに記載なし),2026-07-17,aggregated
beef0000-0000-4000-8000-000000000148,official_hp,https://www.toyosu-sail-park.jp/pets/,conditional,テラス席のみ入店可能・リード/キャリーいずれも対応,2026-07-17,aggregated
beef0000-0000-4000-8000-000000000148,blog,https://inuyume.com/toyosu-sail-park/,conditional,テラスのみ入店可能・テラス席は少数(1席程度)との訪問記あり,2026-07-17,aggregated
beef0000-0000-4000-8000-000000000080,blog,https://pet-restaurant.com/report-crisscross/,conditional,テラス席のみ犬同伴可(店内不可)・ペット用水皿ありだがリードフックはなし,2026-07-17,aggregated
beef0000-0000-4000-8000-000000000080,blog,https://mrs.living.jp/tokyo/town_gourmet/reporter/4894446,conditional,テラス席で犬同伴可能(ドッグマナー厳守)と紹介,2026-07-17,aggregated
beef0000-0000-4000-8000-000000000080,blog,https://wankonowa.com/column/2473/,conditional,テラスのみ同伴可・大型犬も可と一覧表に明記,2026-07-17,aggregated
beef0000-0000-4000-8000-000000000080,blog,https://kyuzitsu-inubu.com/features/75399/,conditional,テラス席のみ・小型犬から大型犬までOKと明記,2026-07-17,aggregated
beef0000-0000-4000-8000-000000000081,blog,https://wankonowa.com/column/2473/,conditional,テラス1席のみ犬同伴可・大型犬不可・前日予約可と明記,2026-07-17,aggregated
beef0000-0000-4000-8000-000000000081,blog,https://wankonowa.com/column/3810/,conditional,テラスのみ同伴可・大型犬不可・テラス1席のみ・前日予約必須と明記,2026-07-17,aggregated
beef0000-0000-4000-8000-000000000081,official_hp,https://tonkatsu.jp/,unverified,,2026-07-17,aggregated
beef0000-0000-4000-8000-000000000082,blog,https://itsumo.dog/1019/,conditional,テラス・オープンエアのみ犬同伴可(小型〜大型犬まで対応可能)と明記,2026-07-17,aggregated
beef0000-0000-4000-8000-000000000082,blog,https://wankonowa.com/column/2473/,conditional,店内一部○・テラス○(大型犬は要確認)・マナーウェア着用と一覧表に明記,2026-07-17,aggregated
beef0000-0000-4000-8000-000000000082,blog,https://wankonowa.com/column/3810/,conditional,店内一部・テラスで犬同伴可(大型犬も可)・ランチ予約不可と明記,2026-07-17,aggregated
beef0000-0000-4000-8000-000000000082,official_hp,https://www.hakka-group.co.jp/brands/cafemadu-aoyama/,unverified,,2026-07-17,aggregated
beef0000-0000-4000-8000-000000000083,blog,https://wankonowa.com/column/2473/,conditional,店内犬同伴可(テラスなし)・大型犬不可・カートやスリング利用推奨と明記,2026-07-17,aggregated
beef0000-0000-4000-8000-000000000083,blog,https://wankonowa.com/column/3810/,conditional,店内犬同伴可・大型犬不可・床歩行不可のためカート等推奨と明記,2026-07-17,aggregated
beef0000-0000-4000-8000-000000000083,other,https://rurubu.jp/andmore/spot/80133090,unverified,,2026-07-17,aggregated
beef0000-0000-4000-8000-000000000084,blog,https://odekake-wanko-bu.com/il-lupino-prime/,conditional,テラス席(約50席)のみ犬同伴可・店内不可と明記,2026-07-17,aggregated
beef0000-0000-4000-8000-000000000084,other,https://prtimes.jp/main/html/rd/p/000000031.000023568.html,conditional,運営会社によるプレスリリース。ワンちゃん専用メニュー(パン3種・ケーキ2種・ノンアルコールドリンク)提供開始を発表,2026-07-17,aggregated
beef0000-0000-4000-8000-000000000084,blog,https://wankonowa.com/column/2473/,conditional,テラスのみ同伴可・大型犬不可と一覧表に明記,2026-07-17,aggregated
beef0000-0000-4000-8000-000000000084,blog,https://wankonowa.com/column/3810/,conditional,テラスのみ同伴可・大型犬不可・愛犬用メニューありと明記,2026-07-17,aggregated
beef0000-0000-4000-8000-000000000085,official_hp,https://www.kawakamian.com/shops/aoyama.php,conditional,1Fテラス(6席)はペットOKと公式サイトに明記,2026-07-17,aggregated
beef0000-0000-4000-8000-000000000085,blog,https://iinami.co.jp/pets/kawakamian-azabu-aoyama/,conditional,テラス席のみ犬同伴可(簡易的なテラス)・犬連れの場合は事前予約を推奨と記載,2026-07-17,aggregated
beef0000-0000-4000-8000-000000000085,blog,https://wankonowa.com/column/3810/,conditional,テラスのみ犬同伴可・大型犬も可と一覧表に明記,2026-07-17,aggregated
beef0000-0000-4000-8000-000000000086,blog,https://tsutsujilog.net/minamiaoyama-2/,conditional,入口テラスカウンター席のみ犬同伴可(わんこOK)と明記,2026-07-17,aggregated
beef0000-0000-4000-8000-000000000086,blog,https://wankonowa.com/column/2473/,conditional,テラスのみ犬同伴可・大型犬も可と一覧表に明記,2026-07-17,aggregated
beef0000-0000-4000-8000-000000000087,blog,https://tsutsujilog.net/ericrose/,conditional,テラス席のみ犬同伴可(店内は不可と推定される記述)と明記,2026-07-17,aggregated
beef0000-0000-4000-8000-000000000087,blog,https://m-lifeblog.com/archives/3058,conditional,テラス席のみ犬同伴可(屋内は入店不可)・ヒーターやパラソル、ペット用飲用水の用意はなしと明記,2026-07-17,aggregated
beef0000-0000-4000-8000-000000000088,blog,https://www.dog-ful.com/places/1211,conditional,テラス席のみペットOKと明記,2026-07-17,aggregated
beef0000-0000-4000-8000-000000000088,blog,https://omotesando-blog.com/ralphs-coffee-omotesando/,conditional,テラス席は犬OK・大型犬も可・ペットカートでの来店も可と明記,2026-07-17,aggregated
beef0000-0000-4000-8000-000000000089,blog,https://odekake-wanko-bu.com/spot/gentle-dining/,conditional,ガーデンテラス席で犬同伴可・カフェマット持参推奨と明記(単独出典),2026-07-17,aggregated
beef0000-0000-4000-8000-000000000500,other,https://doghuggy.petgo.jp/dogmap/spot/503,conditional,店内は小型犬対応と明記(ドッグメニューあり),2026-07-18,aggregated
beef0000-0000-4000-8000-000000000500,blog,https://shiba-inu.life/column/64118,allowed,,2026-07-18,aggregated
beef0000-0000-4000-8000-000000000500,tabelog,https://tabelog.com/tokyo/A1323/A132305/13126936/,allowed,,2026-07-18,aggregated
beef0000-0000-4000-8000-000000000501,official_hp,https://marutto.tokyo/,conditional,店内OK(入店料220円/頭)・テラスOK(同料金)。フォトスポット利用500円/頭,2026-07-18,aggregated
beef0000-0000-4000-8000-000000000502,official_hp,https://tomboy-jyujyo.owst.jp/,allowed,,2026-07-18,aggregated
beef0000-0000-4000-8000-000000000502,other,https://www.hotpepper.jp/strJ000032192/,allowed,,2026-07-18,aggregated
beef0000-0000-4000-8000-000000000503,other,https://www.hotpepper.jp/strJ001129047/,conditional,テラス席のみ犬・ペット同伴可(店内不可),2026-07-18,aggregated
beef0000-0000-4000-8000-000000000503,tabelog,https://tabelog.com/en/tokyo/A1323/A132305/13160478/,conditional,テラス席のみ同伴可(店内不可),2026-07-18,aggregated
beef0000-0000-4000-8000-000000000504,official_hp,https://gokanakabane1.owst.jp/,allowed,,2026-07-18,aggregated
beef0000-0000-4000-8000-000000000504,other,https://www.hotpepper.jp/strJ001078720/,allowed,,2026-07-18,aggregated
beef0000-0000-4000-8000-000000000505,blog,https://pet-restaurant.com/tokyo-akabane/,conditional,テラス席のみペット同伴可(店内不可)と一覧に明記,2026-07-18,aggregated
beef0000-0000-4000-8000-000000000505,other,https://www.hotpepper.jp/strJ001259317/,unverified,,2026-07-18,aggregated
beef0000-0000-4000-8000-000000000506,other,https://www.hotpepper.jp/strJ003450476/,conditional,ペットはテラス席のみ可(店内不可)と明記,2026-07-18,aggregated
beef0000-0000-4000-8000-000000000506,blog,https://pet-restaurant.com/tokyo-akabane/,conditional,テラス席のみペット同伴可(店内不可)と一覧に明記,2026-07-18,aggregated
beef0000-0000-4000-8000-000000000600,official_hp,https://www.innovador.jp/,allowed,,2026-07-18,aggregated
beef0000-0000-4000-8000-000000000600,tabelog,https://tabelog.com/tokyo/A1324/A132401/13197430/,allowed,,2026-07-18,aggregated
beef0000-0000-4000-8000-000000000600,blog,http://marbleve.com/?p=1743,allowed,,2026-07-18,aggregated
beef0000-0000-4000-8000-000000000601,other,https://toden-arakawasen.tokyo-np.co.jp/spot/spot-286/,conditional,テラス席のみ犬同伴可(店内に関する記載なし),2026-07-18,aggregated
beef0000-0000-4000-8000-000000000601,blog,https://itsumo.dog/8081/,conditional,テラス・オープンエアのみ対応(44席中14席が犬同伴可)・小型犬〜大型犬すべてOK,2026-07-18,aggregated
beef0000-0000-4000-8000-000000000601,tabelog,https://tabelog.com/tokyo/A1324/A132401/13018606/dtlrvwlst/,conditional,口コミで「テラス席でワンちゃんと食事ができました」と記載(2023年5月訪問分),2026-07-18,aggregated
beef0000-0000-4000-8000-000000000602,other,https://www.city.arakawa.tokyo.jp/a020/foreign/ja/1002754.html,conditional,「わんちゃんと一緒にお食事ができるテラス席もございます」と明記(店内に関する記載なし),2026-07-18,aggregated
beef0000-0000-4000-8000-000000000602,blog,https://withmywanko.com/higurashi-bakery-arakawaku/,conditional,テラス席のみ犬同伴可(3テーブル程・屋根はあるが雨天利用は難しい),2026-07-18,aggregated
beef0000-0000-4000-8000-000000000603,sns,https://www.instagram.com/ishihamasaryou.raku/p/C4SS8fyvuJB/,conditional,「テラス席はわんちゃん大歓迎です」と明記(店内に関する記載なし),2026-07-18,aggregated
beef0000-0000-4000-8000-000000000603,blog,https://ameblo.jp/conoha-sama/entry-12876118662.html,conditional,記事タイトルで「テラス席犬ok」と明記(詳細条件の記載なし),2026-07-18,aggregated
beef0000-0000-4000-8000-000000000604,tabelog,https://tabelog.com/tokyo/A1324/A132401/13298279/,allowed,,2026-07-18,aggregated
beef0000-0000-4000-8000-000000000604,blog,https://simplecampwithdogs.com/archives/%E3%80%90%E3%82%B8%E3%82%A7%E3%83%A9%E3%83%86%E3%83%AA%E3%82%A2%E3%82%A8%E3%83%AB%E3%83%90-%E8%8D%92%E5%B7%9D%E5%8C%BA%E4%B8%89%E3%83%8E%E8%BC%AA%E6%A9%8B%E9%A7%85%E3%80%91%E7%8A%ACok%EF%BC%81-22.html,allowed,,2026-07-18,aggregated
beef0000-0000-4000-8000-000000000180,official_hp,https://www.azabudai-hills.com/shop_list/0092.html,conditional,ペット入店可(テラス席のみ),2026-07-18,aggregated
beef0000-0000-4000-8000-000000000180,blog,https://milkyblog.net/balcony-by6th/,conditional,犬連れはテラス席のみのご案内(約50席)。冬季はパラソルヒーター・電気毛布あり。,2026-07-18,aggregated
beef0000-0000-4000-8000-000000000181,blog,https://lutie.jp/column/minato-ku-dogcafe,conditional,テラス席のみ同伴OK,2026-07-18,aggregated
beef0000-0000-4000-8000-000000000182,blog,https://www.gowithdog.org/roppongi_bricolage_bread_and_co/,conditional,テラス席がペット同伴可能。店内は犬連れでの利用はできない。,2026-07-18,aggregated
beef0000-0000-4000-8000-000000000183,blog,https://www.innuis.com/dog/introduce/%E3%83%8B%E3%83%A0%E3%82%BA%E3%83%94%E3%82%B6%EF%BC%88nims-pizza%EF%BC%89%E3%80%90%E6%9D%B1%E4%BA%AC%E9%83%BD-%E6%B8%AF%E5%8C%BA%E3%80%91100%E5%B9%B4%E4%BB%A5%E4%B8%8A%E9%85%8D%E3%81%95%E3%82%8C,conditional,店内・テラスともOK。中型・大型犬もOK(画像キャプション)。1組2頭まで(画像キャプション)。サイズ・頭数は店舗へ要確認。,2026-07-18,aggregated
beef0000-0000-4000-8000-000000000184,blog,https://www.gowithdog.org/roppongi_green_brothers/,conditional,店内犬連れ可能。リードを外さない・直接客席に乗せない・お水は店員に声掛け、というルールあり。,2026-07-18,aggregated
beef0000-0000-4000-8000-000000000184,blog,https://wankonowa.com/column/2470/,allowed,一覧表で店内OK・大型犬OKと明記。,2026-07-18,aggregated
beef0000-0000-4000-8000-000000000185,blog,https://wankonowa.com/column/communication/vol-48/,allowed,店内も犬OK。ワンコ用椅子カバーの提供あり。ドッグメニュー・おやつ・お水サービス・ブランケット貸出あり。,2026-07-18,aggregated
beef0000-0000-4000-8000-000000000185,blog,https://www.innuis.com/dog/introduce/%E3%83%91%E3%83%BC%E3%83%81%E3%82%A7%EF%BC%88pace%EF%BC%89%E3%80%90%E6%9D%B1%E4%BA%AC%E9%83%BD-%E6%B8%AF%E5%8C%BA%E3%80%91%E5%8D%97%E9%BA%BB%E5%B8%83%E3%81%A7%E3%83%AF%E3%83%B3%E3%81%A1%E3%82%83,conditional,店内で犬と食事可・ドッグメニュー(山形牛だいすキステーキ等)・お水サービス・ブランケット貸出あり。犬用トイレ設備なし。,2026-07-18,aggregated
beef0000-0000-4000-8000-000000000185,blog,https://itsumo.dog/tokyo/st/9930123/cafe/,allowed,小型犬OK・中型犬OK・大型犬OKと明記。店内OK・ドッグメニューありと紹介。,2026-07-18,aggregated
beef0000-0000-4000-8000-000000000186,official_hp,https://www.kawakamian.com/shops/azabu.php,conditional,テラスはペットOK(全50席中テラス5席)。,2026-07-18,aggregated
beef0000-0000-4000-8000-000000000187,official_hp,https://vervecoffee.jp/blogs/news/mellowbear,conditional,六本木店(テラス席・店内一部がペット同伴可)。ペット用クッキー「mellowbear」販売中。,2026-07-18,aggregated
beef0000-0000-4000-8000-000000000187,blog,https://wankonowa.com/column/2470/,conditional,一覧表で「テラスのみ・大型犬OK」と明記(店内は対象外との案内)。,2026-07-18,aggregated
beef0000-0000-4000-8000-000000000580,official_hp,https://ghkg502.gorp.jp/,conditional,マナーパンツ着用必須。着席時はカフェマットまたはカートを使用。,2026-07-18,aggregated
beef0000-0000-4000-8000-000000000580,other,https://www.hotpepper.jp/strJ003872440/,conditional,店内もペットとの入店可能・マナーパンツ着用必須,2026-07-18,aggregated
beef0000-0000-4000-8000-000000000580,blog,https://itsumo.dog/9750/,conditional,テラスも店内も同伴可・小型犬OK/中型犬OK/大型犬OK・お水サービスあり,2026-07-18,aggregated
beef0000-0000-4000-8000-000000000581,official_hp,https://todai-vm.tokyo/,conditional,ソファのエリアはわんちゃんとのお食事が可能(全席ではない)。犬用フード・お水の用意、フードボウルの貸し出しあり。,2026-07-18,aggregated
beef0000-0000-4000-8000-000000000581,blog,https://odekake-wanko-bu.com/spot/villagemarche/,conditional,店内の一部席とオーニングテント付きのテラス席(3月〜10月限定)はわんこ同伴OK。大型犬まで対応可。,2026-07-18,aggregated
beef0000-0000-4000-8000-000000000581,blog,https://petoria-tokyo.jp/feature/gokokuji-lunch/,conditional,店内(ソファ席)・テラス席で犬同伴OK。ソファ利用時はカフェマット持参が案内されている。,2026-07-18,aggregated
beef0000-0000-4000-8000-000000000582,blog,https://itsumo.dog/6193/,conditional,テラス席(屋根付き・全6席中2卓)限定で犬同伴可。小型犬OK/中型犬OK/大型犬OK。,2026-07-18,aggregated
beef0000-0000-4000-8000-000000000583,other,https://digiq.jp/portal/location/90188,conditional,開放的なテラス席でワンちゃんOK(店内可否の記載なし)。,2026-07-18,aggregated
beef0000-0000-4000-8000-000000000583,blog,https://petoria-tokyo.jp/feature/gokokuji-lunch/,conditional,テラス席のみOKと明記。,2026-07-18,aggregated
beef0000-0000-4000-8000-000000000584,blog,https://petoria-tokyo.jp/feature/gokokuji-lunch/,conditional,テラス席のみOKと明記。,2026-07-18,aggregated
beef0000-0000-4000-8000-000000000584,blog,https://kuropagu.exblog.jp/23426099/,conditional,ペット連れの方は、テラス席なら利用可(店内可否への言及なし)。,2026-07-18,aggregated
beef0000-0000-4000-8000-000000000585,blog,https://petoria-tokyo.jp/feature/gokokuji-lunch/,conditional,テラス席のみOKと明記。,2026-07-18,aggregated
beef0000-0000-4000-8000-000000000420,blog,https://media-dog.the-simple.jp/%E3%80%90%E8%AA%BF%E5%B8%83%E3%83%89%E3%83%83%E3%82%B0%E3%82%AB%E3%83%95%E3%82%A7%E3%83%BB%E7%8A%AC%E3%81%A8%E8%A1%8C%E3%81%91%E3%82%8B%E3%82%AB%E3%83%95%E3%82%A7%EF%BC%81%E3%80%91%E8%AA%BF%E5%B8%83/,allowed,,2026-07-18,aggregated
beef0000-0000-4000-8000-000000000420,other,https://itsumo.dog/tokyo/ad/132080/cafe/,allowed,,2026-07-18,aggregated
beef0000-0000-4000-8000-000000000420,blog,https://odekake-wanko-bu.com/spot/pastonkun/,allowed,,2026-07-18,aggregated
beef0000-0000-4000-8000-000000000421,blog,https://media-dog.the-simple.jp/%E3%80%90%E8%AA%BF%E5%B8%83%E3%83%89%E3%83%83%E3%82%B0%E3%82%AB%E3%83%95%E3%82%A7%E3%83%BB%E7%8A%AC%E3%81%A8%E8%A1%8C%E3%81%91%E3%82%8B%E3%82%AB%E3%83%95%E3%82%A7%EF%BC%81%E3%80%91%E8%AA%BF%E5%B8%83/,allowed,,2026-07-18,aggregated
beef0000-0000-4000-8000-000000000421,other,https://www.go-with-pet.com/news_Ydi9jAWEw.html,allowed,,2026-07-18,aggregated
beef0000-0000-4000-8000-000000000421,other,https://doghuggy.petgo.jp/dogmap/spot/2207,allowed,,2026-07-18,aggregated
beef0000-0000-4000-8000-000000000422,blog,https://media-dog.the-simple.jp/%E3%80%90%E8%AA%BF%E5%B8%83%E3%83%89%E3%83%83%E3%82%B0%E3%82%AB%E3%83%95%E3%82%A7%E3%83%BB%E7%8A%AC%E3%81%A8%E8%A1%8C%E3%81%91%E3%82%8B%E3%82%AB%E3%83%95%E3%82%A7%EF%BC%81%E3%80%91%E8%AA%BF%E5%B8%83/,conditional,テラス席のみ犬同伴可(大型犬OK・犬用メニューなし),2026-07-18,aggregated
beef0000-0000-4000-8000-000000000422,blog,https://pet-restaurant.com/report-christmas-tei/,conditional,ペット入店範囲はテラスのみ(店内不可),2026-07-18,aggregated
beef0000-0000-4000-8000-000000000422,blog,https://pet-restaurant.com/tokyo-chofu/,conditional,テラス席のみペット可,2026-07-18,aggregated
beef0000-0000-4000-8000-000000000423,other,https://itsumo.dog/tokyo/ad/132080/cafe/,conditional,テラス・オープンエアのみ犬同伴可(大型犬まで),2026-07-18,aggregated
beef0000-0000-4000-8000-000000000423,blog,https://odekake-wanko-bu.com/spot/largo_sengawa/,conditional,テラス席のみ犬同伴可(大型犬まで)。店内はソファ席中心,2026-07-18,aggregated
beef0000-0000-4000-8000-000000000424,official_hp,https://www.musashinokk.co.jp/suijin-en/with-dog/,conditional,土日祝17時以降のみ・要予約(前日17時まで)・1階ホール席限定・ペットカート入店可,2026-07-18,aggregated
beef0000-0000-4000-8000-000000000424,blog,https://petoria-tokyo.jp/feature/jindaiji-lunch/,conditional,土日祝17時以降・要予約という条件付きで1階ホール席に同伴可・大型犬もOK,2026-07-18,aggregated
beef0000-0000-4000-8000-000000000424,blog,https://pet-restaurant.com/tokyo-chofu/,conditional,店内(土日祝日午後5時以降、要予約)ペット可,2026-07-18,aggregated
beef0000-0000-4000-8000-000000000425,official_hp,https://www.indy-house.com/,allowed,,2026-07-18,aggregated
beef0000-0000-4000-8000-000000000425,other,https://www.honda.co.jp/dog/travel/data/shop-in/,allowed,,2026-07-18,aggregated
beef0000-0000-4000-8000-000000000425,blog,https://pomeranianlife.com/indyhouse/,allowed,,2026-07-18,aggregated
beef0000-0000-4000-8000-000000000426,tabelog,https://tabelog.com/tokyo/A1326/A132601/13130537/dtlrvwlst/,conditional,ペットはテラス席のみ可,2026-07-18,aggregated
beef0000-0000-4000-8000-000000000426,blog,https://petoria-tokyo.jp/feature/jindaiji-lunch/,conditional,テラス席5つがペット同伴可,2026-07-18,aggregated
beef0000-0000-4000-8000-000000000427,tabelog,https://tabelog.com/tokyo/A1326/A132601/13253460/dtlrvwlst/,allowed,,2026-07-18,aggregated
beef0000-0000-4000-8000-000000000427,blog,https://pet-restaurant.com/tokyo-chofu/,allowed,,2026-07-18,aggregated
beef0000-0000-4000-8000-000000000240,blog,https://wankonowa.com/column/3809/,conditional,テラス席のみ同伴可・大型犬OK,2026-07-18,aggregated
beef0000-0000-4000-8000-000000000240,blog,https://kyuzitsu-inubu.com/features/75417/,conditional,テラス席のみ同伴可（屋根があり店内との距離も近い）,2026-07-18,aggregated
beef0000-0000-4000-8000-000000000241,blog,https://kyuzitsu-inubu.com/features/75417/,conditional,テラス席のみ同伴可,2026-07-18,aggregated
beef0000-0000-4000-8000-000000000241,blog,https://petoria-tokyo.jp/feature/ginza-lunch/,conditional,テラス席のみ可,2026-07-18,aggregated
beef0000-0000-4000-8000-000000000242,blog,https://petoria-tokyo.jp/feature/nihonbashi-lunch/,conditional,テラス席のみ同伴可,2026-07-18,aggregated
beef0000-0000-4000-8000-000000000242,blog,https://withwan.life/listing/5016/,conditional,ペット同伴はテラス席のみ可能,2026-07-18,aggregated
beef0000-0000-4000-8000-000000000243,blog,https://petoria-tokyo.jp/feature/nihonbashi-lunch/,conditional,テラス席のみ同伴可,2026-07-18,aggregated
beef0000-0000-4000-8000-000000000243,blog,https://don-don-dog.com/il-bacaro-alma,conditional,テラス席がペット同伴可能（店内可否の記載なし）,2026-07-18,aggregated
beef0000-0000-4000-8000-000000000244,official_hp,https://1ppon.owst.jp/,conditional,ペット同伴は1階テラス席のみ（店内不可は"のみ"からの解釈）,2026-07-18,aggregated
beef0000-0000-4000-8000-000000000244,blog,https://petoria-tokyo.jp/feature/nihonbashi-lunch/,conditional,2階・1階のテラス席で犬同伴可能と紹介（公式サイトは1階テラス限定と明記しており階数の記載に差異あり）,2026-07-18,aggregated
beef0000-0000-4000-8000-000000000245,official_hp,https://annam-indian-restaurannt.owst.jp/,conditional,ペット同伴可（詳細条件の記載なし）,2026-07-18,aggregated
beef0000-0000-4000-8000-000000000245,blog,https://www.tabiwan.com/entry/trip-ginza-cafe,conditional,個室でわんちゃん同伴可能・予約時に申告要,2026-07-18,aggregated
beef0000-0000-4000-8000-000000000245,blog,https://mrs.living.jp/tokyo/town_gourmet/reporter/4638166,allowed,,2026-07-18,aggregated
beef0000-0000-4000-8000-000000000246,blog,https://wankonowa.com/column/3809/,conditional,小型犬のみ店内同伴可・大型犬不可,2026-07-18,aggregated
beef0000-0000-4000-8000-000000000246,official_hp,https://okometookazu.owst.jp/,allowed,,2026-07-18,aggregated
beef0000-0000-4000-8000-000000000247,blog,https://wankonowa.com/column/3809/,conditional,テラス席のみ同伴可能,2026-07-18,aggregated
beef0000-0000-4000-8000-000000000247,blog,https://petoria-tokyo.jp/feature/ginza-lunch/,conditional,テラス席のみ可,2026-07-18,aggregated
beef0000-0000-4000-8000-000000000248,blog,https://wankonowa.com/column/3809/,conditional,2テーブルほどのテラス席のみ同伴可能・大型犬OK,2026-07-18,aggregated
beef0000-0000-4000-8000-000000000248,blog,https://petoria-tokyo.jp/feature/ginza-lunch/,conditional,テラス席のみ可,2026-07-18,aggregated
beef0000-0000-4000-8000-000000000620,blog,https://inunavi.plan-b.co.jp/inucafe_hachiouji/,allowed,,2026-07-18,aggregated
beef0000-0000-4000-8000-000000000620,blog,https://petokoto.com/articles/1630,allowed,大型犬も店内同伴OK,2026-07-18,aggregated
beef0000-0000-4000-8000-000000000620,blog,https://8dabe.com/2023/04/08/rosso-cafe/,allowed,,2026-07-18,aggregated
beef0000-0000-4000-8000-000000000621,blog,https://inunavi.plan-b.co.jp/inucafe_hachiouji/,allowed,,2026-07-18,aggregated
beef0000-0000-4000-8000-000000000621,blog,https://petokoto.com/articles/1630,allowed,大型犬の同伴について同伴可能,2026-07-18,aggregated
beef0000-0000-4000-8000-000000000621,blog,https://8dabe.com/2020/12/15/merryandbright/,allowed,,2026-07-18,aggregated
beef0000-0000-4000-8000-000000000622,blog,https://inunavi.plan-b.co.jp/inucafe_hachiouji/,conditional,テラス席のみ犬同伴可(店内不可),2026-07-18,aggregated
beef0000-0000-4000-8000-000000000622,blog,https://petokoto.com/articles/1630,conditional,屋根付きの広々としたテラス席のみ利用可能,2026-07-18,aggregated
beef0000-0000-4000-8000-000000000623,blog,https://inunavi.plan-b.co.jp/inucafe_hachiouji/,conditional,テラス席のみ犬同伴可(店内不可),2026-07-18,aggregated
beef0000-0000-4000-8000-000000000623,blog,https://petokoto.com/articles/1630,conditional,テラス席のみペット同伴可,2026-07-18,aggregated
beef0000-0000-4000-8000-000000000623,blog,https://www.tamasumu.com/column/hachioji-dog-cafe.html,conditional,テラス席OK(店内の記載なし),2026-07-18,aggregated
beef0000-0000-4000-8000-000000000624,other,https://www.honda.co.jp/dog/travel/data/mozeksol/,allowed,,2026-07-18,aggregated
beef0000-0000-4000-8000-000000000624,blog,https://petokoto.com/articles/1630,allowed,,2026-07-18,aggregated
beef0000-0000-4000-8000-000000000624,blog,https://www.tamasumu.com/column/hachioji-dog-cafe.html,allowed,,2026-07-18,aggregated
beef0000-0000-4000-8000-000000000624,blog,https://animaroll.jp/dog-keep/dog-go-out/1084466,allowed,,2026-07-18,aggregated
beef0000-0000-4000-8000-000000000625,blog,https://petokoto.com/articles/1630,conditional,体重10kg前後までの犬が同伴可能,2026-07-18,aggregated
beef0000-0000-4000-8000-000000000625,blog,https://www.tamasumu.com/column/hachioji-dog-cafe.html,conditional,10kg前後のワンちゃんであることが条件,2026-07-18,aggregated
beef0000-0000-4000-8000-000000000626,blog,https://inunavi.plan-b.co.jp/inucafe_hachiouji/,conditional,テラス席(屋上)のみ犬同伴可,2026-07-18,aggregated
beef0000-0000-4000-8000-000000000626,blog,https://doghuggy.petgo.jp/media/4959,conditional,屋上テラス席のみ犬同伴可,2026-07-18,aggregated
beef0000-0000-4000-8000-000000000626,blog,https://www.tamasumu.com/column/hachioji-dog-cafe.html,conditional,テラス席OK(店内の記載なし),2026-07-18,aggregated
beef0000-0000-4000-8000-000000000627,blog,https://inunavi.plan-b.co.jp/inucafe_hachiouji/,conditional,テラス席のみ犬同伴可,2026-07-18,aggregated
beef0000-0000-4000-8000-000000000627,blog,https://doghuggy.petgo.jp/media/4959,conditional,テラス席のみ犬同伴可,2026-07-18,aggregated
beef0000-0000-4000-8000-000000000627,blog,https://www.tamasumu.com/column/hachioji-dog-cafe.html,conditional,テラス席OK(店内の記載なし),2026-07-18,aggregated
beef0000-0000-4000-8000-000000000628,official_hp,https://takakuramachi-coffee.co.jp/shop/,conditional,テラス席でペットと一緒にお食事ができます(店内は記載なし),2026-07-18,aggregated
beef0000-0000-4000-8000-000000000628,blog,https://inunavi.plan-b.co.jp/inucafe_hachiouji/,conditional,テラス席のみ犬同伴可,2026-07-18,aggregated
beef0000-0000-4000-8000-000000000628,blog,https://doghuggy.petgo.jp/media/4959,conditional,同伴可(テラス席・具体的記載は限定的),2026-07-18,aggregated
beef0000-0000-4000-8000-000000000628,blog,https://www.tamasumu.com/column/hachioji-dog-cafe.html,conditional,テラス席OK(店内の記載なし),2026-07-18,aggregated
beef0000-0000-4000-8000-000000000629,blog,https://petokoto.com/articles/1630,conditional,テラス席のみ犬同伴可,2026-07-18,aggregated
beef0000-0000-4000-8000-000000000629,blog,https://doghuggy.petgo.jp/media/4959,conditional,テラス席のみ犬同伴可,2026-07-18,aggregated
beef0000-0000-4000-8000-000000000629,blog,https://www.tamasumu.com/column/hachioji-dog-cafe.html,conditional,テラス席OK(店内の記載なし),2026-07-18,aggregated
beef0000-0000-4000-8000-000000000340,blog,https://wankonowa.com/column/dogcafe/1599/,conditional,テラス席で犬同伴可(店内の記載なし)・大型犬OK,2026-07-18,aggregated
beef0000-0000-4000-8000-000000000340,blog,https://inunavi.plan-b.co.jp/inucafe_ikebukuro/,conditional,テラス席OK・大型犬OK,2026-07-18,aggregated
beef0000-0000-4000-8000-000000000341,blog,https://wankonowa.com/column/dogcafe/1599/,conditional,テラス席(屋根付き・ビニールカーテン設置)で犬同伴可・大型犬OK,2026-07-18,aggregated
beef0000-0000-4000-8000-000000000341,blog,https://inunavi.plan-b.co.jp/inucafe_ikebukuro/,conditional,テラス席OK・大型犬OK,2026-07-18,aggregated
beef0000-0000-4000-8000-000000000341,blog,https://www.gowithdog.org/ikebukuro_sakura_cafe/,conditional,犬同伴が可能なのはテラス席に限定(店内の記載なし)・足元が冷えるため床におろす際は注意との案内あり,2026-07-18,aggregated
beef0000-0000-4000-8000-000000000342,blog,https://wankonowa.com/column/dogcafe/1599/,conditional,店内OK(小型犬のみ)・大型犬は不可,2026-07-18,aggregated
beef0000-0000-4000-8000-000000000342,blog,https://inunavi.plan-b.co.jp/inucafe_ikebukuro/,conditional,店内一部利用可(小型犬のみ),2026-07-18,aggregated
beef0000-0000-4000-8000-000000000342,other,https://r.gnavi.co.jp/hkck36me0000/,conditional,小型犬・中型犬・ネコ・小動物は店内OK(トイレのしつけ・無駄吠えしない・発情中不可・キャリーバッグ使用可・膝上抱っこの案内あり),2026-07-18,aggregated
beef0000-0000-4000-8000-000000000343,blog,https://wankonowa.com/column/dogcafe/1599/,conditional,店内OK・大型犬は12kgまで,2026-07-18,aggregated
beef0000-0000-4000-8000-000000000343,blog,https://inunavi.plan-b.co.jp/inucafe_ikebukuro/,conditional,店内OK・大型犬OK,2026-07-18,aggregated
beef0000-0000-4000-8000-000000000343,blog,https://itsumo.dog/tokyo/st/2800201/cafe/sv/1/,conditional,小型犬OK・中型犬OK・店内OK・ドッグメニューあり,2026-07-18,aggregated
beef0000-0000-4000-8000-000000000343,blog,https://ikebukuro-life.com/ikebukuro-dog-friendly-spots-2025/,conditional,店内・テラス・ドッグランスペースで同伴可,2026-07-18,aggregated
beef0000-0000-4000-8000-000000000343,official_hp,https://prego.cafe/about.html,conditional,ドッグカフェとして犬同伴を前提に営業。予防接種(狂犬病・混合5種以上)証明必須・噛み癖や攻撃的な犬は利用不可(体重・大型犬可否の明記なし),2026-07-18,aggregated
beef0000-0000-4000-8000-000000000344,blog,https://wankonowa.com/column/dogcafe/1599/,conditional,テラス席(屋根付き)で犬同伴可(店内の記載なし)・大型犬OK,2026-07-18,aggregated
beef0000-0000-4000-8000-000000000344,blog,https://inunavi.plan-b.co.jp/inucafe_ikebukuro/,conditional,テラス席OK・大型犬OK,2026-07-18,aggregated
beef0000-0000-4000-8000-000000000344,blog,https://ikebukuro-life.com/ikebukuro-dog-friendly-spots-2025/,conditional,テラス席のみ犬同伴可,2026-07-18,aggregated
beef0000-0000-4000-8000-000000000345,blog,https://wankonowa.com/column/dogcafe/1599/,allowed,,2026-07-18,aggregated
beef0000-0000-4000-8000-000000000345,blog,https://inunavi.plan-b.co.jp/inucafe_ikebukuro/,allowed,,2026-07-18,aggregated
beef0000-0000-4000-8000-000000000345,blog,https://wanchanto.info/detail/2505,allowed,,2026-07-18,aggregated
beef0000-0000-4000-8000-000000000345,official_hp,https://noicompany.com/restaurant/restaurant-78/,allowed,,2026-07-18,aggregated
beef0000-0000-4000-8000-000000000345,sns,https://www.instagram.com/carta_ikebukuro/,allowed,,2026-07-18,aggregated
beef0000-0000-4000-8000-000000000346,blog,https://wankonowa.com/column/dogcafe/1599/,allowed,,2026-07-18,aggregated
beef0000-0000-4000-8000-000000000346,blog,https://inunavi.plan-b.co.jp/inucafe_ikebukuro/,allowed,,2026-07-18,aggregated
beef0000-0000-4000-8000-000000000346,official_hp,https://ggkw000.gorp.jp/,allowed,,2026-07-18,aggregated
beef0000-0000-4000-8000-000000000347,blog,https://wankonowa.com/column/dogcafe/1599/,conditional,テラス席で犬同伴可(店内の記載なし)・大型犬OK,2026-07-18,aggregated
beef0000-0000-4000-8000-000000000347,blog,https://inunavi.plan-b.co.jp/inucafe_ikebukuro/,conditional,テラス席OK・大型犬OK,2026-07-18,aggregated
beef0000-0000-4000-8000-000000000348,blog,https://wankonowa.com/column/dogcafe/1599/,allowed,,2026-07-18,aggregated
beef0000-0000-4000-8000-000000000348,blog,https://inunavi.plan-b.co.jp/inucafe_ikebukuro/,allowed,,2026-07-18,aggregated
beef0000-0000-4000-8000-000000000348,tabelog,https://tabelog.com/tokyo/A1305/A130501/13096971/,allowed,,2026-07-18,aggregated
beef0000-0000-4000-8000-000000000349,blog,https://wankonowa.com/column/dogcafe/1599/,conditional,テラス席で犬同伴可(店内の記載なし)・大型犬は要確認,2026-07-18,aggregated
beef0000-0000-4000-8000-000000000349,blog,https://inunavi.plan-b.co.jp/inucafe_ikebukuro/,conditional,テラス席OK・大型犬OK,2026-07-18,aggregated
beef0000-0000-4000-8000-000000000520,blog,https://media-dog.the-simple.jp/itabashi-dog-cafe/,allowed,,2026-07-18,aggregated
beef0000-0000-4000-8000-000000000520,tabelog,https://tabelog.com/tokyo/A1322/A132203/13209285/,allowed,,2026-07-18,aggregated
beef0000-0000-4000-8000-000000000521,blog,https://media-dog.the-simple.jp/itabashi-dog-cafe/,allowed,,2026-07-18,aggregated
beef0000-0000-4000-8000-000000000521,blog,https://itabashi-times.com/archives/mokuyoukan-interview.html,allowed,,2026-07-18,aggregated
beef0000-0000-4000-8000-000000000522,tabelog,https://tabelog.com/tokyo/A1322/A132203/13150986/,allowed,,2026-07-18,aggregated
beef0000-0000-4000-8000-000000000522,blog,https://media-dog.the-simple.jp/itabashi-dog-cafe/,allowed,,2026-07-18,aggregated
beef0000-0000-4000-8000-000000000523,blog,https://chiisanpo-dog.tokyo/cafe-de-cuore/,allowed,,2026-07-18,aggregated
beef0000-0000-4000-8000-000000000523,blog,https://media-dog.the-simple.jp/itabashi-dog-cafe/,allowed,,2026-07-18,aggregated
beef0000-0000-4000-8000-000000000523,tabelog,https://tabelog.com/tokyo/A1322/A132205/13256456/dtlrvwlst/B436054165/,allowed,,2026-07-18,aggregated
beef0000-0000-4000-8000-000000000524,official_hp,https://petitleoncafe.wixsite.com/petitleon,allowed,,2026-07-18,aggregated
beef0000-0000-4000-8000-000000000524,other,https://www.honda.co.jp/dog/travel/data/petitleon/,allowed,,2026-07-18,aggregated
beef0000-0000-4000-8000-000000000524,blog,https://itsumo.dog/tokyo/st/1132106/cafe/,allowed,,2026-07-18,aggregated
beef0000-0000-4000-8000-000000000525,blog,https://media-dog.the-simple.jp/itabashi-dog-cafe/,allowed,,2026-07-18,aggregated
beef0000-0000-4000-8000-000000000525,blog,https://itabashi-times.com/archives/de-la-nature-tokiwadai.html,allowed,,2026-07-18,aggregated
beef0000-0000-4000-8000-000000000526,official_hp,https://g-s.jp/?page_id=19,conditional,テラス席のみ犬同伴可(店内不可)。ドッグカフェではない旨明記。,2026-07-18,aggregated
beef0000-0000-4000-8000-000000000526,blog,https://www.advance-real.co.jp/blog/cafe-nerima/,conditional,ペットの同伴はテラス席のみ利用可,2026-07-18,aggregated
beef0000-0000-4000-8000-000000000526,blog,https://nerima-jmpy.com/felice-cafe-nerima-202211/,conditional,テラス席は犬も入れる(記事タイトルで明記),2026-07-18,aggregated
beef0000-0000-4000-8000-000000000527,official_hp,https://miyama-coffee.com/outdoorseat/,conditional,テラス席のみ・中型犬まで(雨天時利用不可),2026-07-18,aggregated
beef0000-0000-4000-8000-000000000527,blog,https://www.advance-real.co.jp/blog/cafe-nerima/,conditional,テラス席がペット同伴OK,2026-07-18,aggregated
beef0000-0000-4000-8000-000000000528,official_hp,https://chien2008.exblog.jp/,allowed,,2026-07-18,aggregated
beef0000-0000-4000-8000-000000000528,tabelog,https://tabelog.com/tokyo/A1322/A132203/13138843/,allowed,,2026-07-18,aggregated
beef0000-0000-4000-8000-000000000360,blog,https://johnan-diary.toho-tokyo.com/leisure/animal-cafe/ota-sakuragardendogcafe-w490-20240619/,allowed,,2026-07-18,aggregated
beef0000-0000-4000-8000-000000000360,tabelog,https://tabelog.com/tokyo/A1315/A131503/13306252/,allowed,,2026-07-18,aggregated
beef0000-0000-4000-8000-000000000361,official_hp,https://kamata-cafe.com/2023/07/09/%E8%92%B2%E7%94%B0%E3%82%AB%E3%83%95%E3%82%A7%E3%81%AF%E3%83%9A%E3%83%83%E3%83%88%E6%AD%93%E8%BF%8E%E5%BA%97%E3%81%A7%E3%81%99%EF%BC%81/,allowed,,2026-07-18,aggregated
beef0000-0000-4000-8000-000000000361,tabelog,https://tabelog.com/tokyo/A1315/A131503/13265027/,allowed,,2026-07-18,aggregated
beef0000-0000-4000-8000-000000000362,blog,https://visitingcafe.com/%E3%80%90%E8%92%B2%E7%94%B0%E3%80%80sacca-bacca%E3%80%91%E3%83%89%E3%83%83%E3%82%B0%E3%82%AB%E3%83%95%E3%82%A7%E3%81%AE%E3%82%A4%E3%83%B3%E3%82%B9%E3%82%BF%E6%98%A0%E3%81%88%E6%8A%B9%E8%8C%B6%E3%83%91/,conditional,小・中型犬は店内も可能・大型犬はテラス席のみ,2026-07-18,aggregated
beef0000-0000-4000-8000-000000000362,blog,https://odekake-wanko-bu.com/spot/saccabacca/,conditional,店内・テラスとも犬同伴可・小型犬まで,2026-07-18,aggregated
beef0000-0000-4000-8000-000000000363,official_hp,https://hot-dog.co.jp/cafe/,allowed,,2026-07-18,aggregated
beef0000-0000-4000-8000-000000000363,blog,https://www.honda.co.jp/dog/travel/data/deco/,allowed,,2026-07-18,aggregated
beef0000-0000-4000-8000-000000000364,official_hp,https://www.denenchofuclub.net/,conditional,テラス席のみペット同伴可・店内(屋内席)は不可,2026-07-18,aggregated
beef0000-0000-4000-8000-000000000364,blog,https://dog-eats.tokyo/denenchohuclub/,conditional,テラス席のみ犬同伴可(店内は不可)・テント型で屋根が小さめ・雨天時は要注意,2026-07-18,aggregated
beef0000-0000-4000-8000-000000000365,tabelog,https://tabelog.com/tokyo/A1317/A131714/13284890/,conditional,マナーベルト着用またはカート・かばん内での利用で入店可・室内ドッグラン完備,2026-07-18,aggregated
beef0000-0000-4000-8000-000000000365,blog,https://otakushoren.com/gourmet/139511,allowed,,2026-07-18,aggregated
beef0000-0000-4000-8000-000000000366,official_hp,https://wankonoshippp.com/,allowed,,2026-07-18,aggregated
beef0000-0000-4000-8000-000000000366,official_hp,https://wankonoshippp.com/information/,allowed,,2026-07-18,aggregated
beef0000-0000-4000-8000-000000000367,official_hp,https://tamagawa-diner.com/,conditional,テラス席のみペット同伴可(店内可否は明記なし),2026-07-18,aggregated
beef0000-0000-4000-8000-000000000367,tabelog,https://tabelog.com/tokyo/A1317/A131704/13156072/,allowed,,2026-07-18,aggregated
beef0000-0000-4000-8000-000000000368,tabelog,https://tabelog.com/tokyo/A1317/A131704/13103131/,conditional,ペットはテラス席のみ可,2026-07-18,aggregated
beef0000-0000-4000-8000-000000000560,official_hp,https://bestiestokyo.jp/,conditional,テラス席は犬同伴可(店内可否は公式サイトに記載なし)。屋外ドッグラン併設(要ワクチン証明・カフェ営業時間外も6:00〜21:00利用可),2026-07-18,aggregated
beef0000-0000-4000-8000-000000000561,other,https://www.honda.co.jp/dog/travel/data/dogcafe-grandir/,conditional,全席(7テーブル26席)で全犬種が同伴可能。椅子に乗せる場合はシート持参が必要,2026-07-18,aggregated
beef0000-0000-4000-8000-000000000561,tabelog,https://tabelog.com/tokyo/A1324/A132403/13154710/,unverified,,2026-07-18,aggregated
beef0000-0000-4000-8000-000000000562,official_hp,https://foodplace.jp/dogcafebee/,allowed,,2026-07-18,aggregated
beef0000-0000-4000-8000-000000000563,other,https://www.ensen-ado.com/wanchabou/,unverified,,2026-07-18,aggregated
beef0000-0000-4000-8000-000000000563,other,https://www.honda.co.jp/dog/travel/data/wanchabou/,conditional,店内全席(1テーブル9席)で全犬種が同伴可能。リード必須・男の子はマナーベルト着用必須・椅子に直接乗せない,2026-07-18,aggregated
beef0000-0000-4000-8000-000000000564,blog,https://www.go-with-pet.com/news_bfLHJWyH6_106.html,allowed,,2026-07-18,aggregated
beef0000-0000-4000-8000-000000000564,official_hp,https://barcadog.com/,unverified,,2026-07-18,aggregated
beef0000-0000-4000-8000-000000000565,blog,https://www.go-with-pet.com/news_abLPBPvqmI.html,conditional,トイレのしつけ・予防接種・無駄吠えのしつけが必須、ヒート中の利用は不可、リード使用とカフェマット持参が必須,2026-07-18,aggregated
beef0000-0000-4000-8000-000000000565,other,https://www.ekiten.jp/shop_33196203/,allowed,,2026-07-18,aggregated
beef0000-0000-4000-8000-000000000566,other,https://www.honda.co.jp/dog/travel/data/one-littlegarden/,conditional,全52席で犬同伴可能(小型・中型・大型全犬種)。リード必須(散歩エリアの一部除く。大型犬は常にリード必須),2026-07-18,aggregated
beef0000-0000-4000-8000-000000000566,blog,https://edogawa.goguynet.jp/2024/01/26/wanlittle-garden/,allowed,,2026-07-18,aggregated
beef0000-0000-4000-8000-000000000540,blog,https://kitasenjunin.com/khb,conditional,ペット同伴の場合は予約推奨(座席数の制限に関する記載はなし),2026-07-18,aggregated
beef0000-0000-4000-8000-000000000540,other,https://pet-restaurant.com/tokyo-kitasenju/,allowed,,2026-07-18,aggregated
beef0000-0000-4000-8000-000000000540,blog,https://tonarinoleo.com/2023/02/08/tokyofoodadachileodog/,allowed,,2026-07-18,aggregated
beef0000-0000-4000-8000-000000000541,blog,https://inuyume.com/lush-coffee-kitasenjyu/,conditional,店内奥のガラス扉で仕切られたスペースと外壁沿いのテラス席で犬同伴可(混雑時は入店できない場合あり),2026-07-18,aggregated
beef0000-0000-4000-8000-000000000541,tabelog,https://tabelog.com/tokyo/A1324/A132402/13263965/,allowed,,2026-07-18,aggregated
beef0000-0000-4000-8000-000000000542,blog,https://kitasenjunin.com/takuru,allowed,,2026-07-18,aggregated
beef0000-0000-4000-8000-000000000542,other,https://pet-restaurant.com/tokyo-kitasenju/,conditional,店内可(1階席との記載あり),2026-07-18,aggregated
beef0000-0000-4000-8000-000000000543,blog,https://cafe-doggy.com/juicebarrocket/,allowed,,2026-07-18,aggregated
beef0000-0000-4000-8000-000000000543,official_hp,https://juicebarrocket.wixsite.com/juicelife,allowed,,2026-07-18,aggregated
beef0000-0000-4000-8000-000000000543,blog,https://tonarinoleo.com/2023/02/08/tokyofoodadachileodog/,allowed,,2026-07-18,aggregated
beef0000-0000-4000-8000-000000000544,official_hp,https://restaurant.balnibarbi.com/shops/adacchio,conditional,テラス席のみペット同伴可・店内は不可,2026-07-18,aggregated
beef0000-0000-4000-8000-000000000544,blog,https://tonarinoleo.com/2023/02/08/tokyofoodadachileodog/,conditional,オープンテラス席で犬同伴可(店内可否の記載なし),2026-07-18,aggregated
beef0000-0000-4000-8000-000000000545,blog,https://gingerweb.jp/timeless/living/eat/20231102-yakiniku,conditional,テラス席はペット同伴もOKと紹介(店内可否の記載なし),2026-07-18,aggregated
beef0000-0000-4000-8000-000000000545,blog,https://tonarinoleo.com/2023/02/08/tokyofoodadachileodog/,conditional,テラス席はペットOKと紹介(店内可否の記載なし),2026-07-18,aggregated
beef0000-0000-4000-8000-000000000546,other,https://www.life.one-me.jp/shop/1665,conditional,店内同伴OKだが小型犬のみ,2026-07-18,aggregated
beef0000-0000-4000-8000-000000000546,official_hp,https://aburina.gorp.jp/,allowed,,2026-07-18,aggregated
beef0000-0000-4000-8000-000000000547,other,https://life.one-me.jp/shop/1102,conditional,テラス席は同伴可・店内同伴は木曜のみ,2026-07-18,aggregated
beef0000-0000-4000-8000-000000000547,other,https://www.adachikanko.net/en/spot/mills-coffee,allowed,,2026-07-18,aggregated
beef0000-0000-4000-8000-000000000547,tabelog,https://tabelog.com/tokyo/A1324/A132402/13261990/,allowed,,2026-07-18,aggregated
beef0000-0000-4000-8000-000000000440,blog,https://iinami.co.jp/pets/cafe-kouenzi/,allowed,,2026-07-18,aggregated
beef0000-0000-4000-8000-000000000440,blog,https://petoria-tokyo.jp/feature/koenji-lunch/,allowed,,2026-07-18,aggregated
beef0000-0000-4000-8000-000000000441,blog,https://www.gowithdog.org/koenji_dogberry/,allowed,,2026-07-18,aggregated
beef0000-0000-4000-8000-000000000441,blog,https://petoria-tokyo.jp/feature/koenji-lunch/,allowed,,2026-07-18,aggregated
beef0000-0000-4000-8000-000000000442,blog,https://www.chuo-besthome.co.jp/local/spices-to-sosakuryouri-konoippainotameni/,conditional,テラス席のみペット(犬)同伴可能と明記・店内の同伴可否の記載なし,2026-07-18,aggregated
beef0000-0000-4000-8000-000000000442,blog,https://petoria-tokyo.jp/feature/koenji-lunch/,conditional,テラス席のみOK,2026-07-18,aggregated
beef0000-0000-4000-8000-000000000443,tabelog,https://tabelog.com/tokyo/A1319/A131904/13283206/,conditional,テラス席ペット可と明記(こだわり条件)・室内の同伴可否の記載なし,2026-07-18,aggregated
beef0000-0000-4000-8000-000000000443,blog,https://petoria-tokyo.jp/feature/koenji-lunch/,conditional,テラス席のみOK,2026-07-18,aggregated
beef0000-0000-4000-8000-000000000444,blog,https://www.chuo-besthome.co.jp/local/edaone/,conditional,テラス席はペット同伴可能と明記・店内の同伴可否の記載なし,2026-07-18,aggregated
beef0000-0000-4000-8000-000000000444,blog,https://petoria-tokyo.jp/feature/ogikubo-lunch/,conditional,テラス席のみOK,2026-07-18,aggregated
beef0000-0000-4000-8000-000000000445,other,https://www.enjoytokyo.jp/spot/g_g638704/,conditional,ペットOKのテラス席ありと明記・店内の同伴可否の記載なし,2026-07-18,aggregated
beef0000-0000-4000-8000-000000000445,blog,https://petoria-tokyo.jp/feature/ogikubo-lunch/,conditional,テラス席のみOK,2026-07-18,aggregated
beef0000-0000-4000-8000-000000000446,blog,https://www.chuo-besthome.co.jp/local/ogikubo-cafe/,conditional,1階のみペット同伴可能なスペースと明記,2026-07-18,aggregated
beef0000-0000-4000-8000-000000000446,blog,https://petoria-tokyo.jp/feature/ogikubo-lunch/,conditional,店内OK(1階のみ),2026-07-18,aggregated
beef0000-0000-4000-8000-000000000447,blog,https://mrs.living.jp/musashino/tamamusa_wanko/article/6306310,allowed,小型犬〜大型犬まで店内OK・カート入店も可,2026-07-18,aggregated
beef0000-0000-4000-8000-000000000447,blog,https://petoria-tokyo.jp/feature/ogikubo-lunch/,allowed,店内OK(大型犬も入店可),2026-07-18,aggregated
beef0000-0000-4000-8000-000000000448,tabelog,https://tabelog.com/tokyo/A1319/A131906/13267765/,conditional,小型犬まで・店内合計2頭まで・リード必須・椅子使用時はカフェマット持参必須,2026-07-18,aggregated
beef0000-0000-4000-8000-000000000448,blog,https://petoria-tokyo.jp/feature/ogikubo-lunch/,conditional,店内OK(小型犬2頭まで・リード着用・マット持参),2026-07-18,aggregated
beef0000-0000-4000-8000-000000000449,blog,https://mrs.living.jp/musashino/tamamusa_wanko/article/6063154,allowed,店内わんこOK・マット貸出・お水サービス・わんこメニューあり,2026-07-18,aggregated
beef0000-0000-4000-8000-000000000449,blog,https://ameblo.jp/meg0831hana/entry-12834435004.html,allowed,ペットフレンドリーでカフェマット・ウォーターボトル・犬用おやつを用意(店内利用が前提の記述),2026-07-18,aggregated
beef0000-0000-4000-8000-000000000400,official_hp,https://dogcafe-alohailio.com/index.html,allowed,,2026-07-18,aggregated
beef0000-0000-4000-8000-000000000400,blog,https://wankonowa.com/column/dogcafe/1397/,allowed,,2026-07-18,aggregated
beef0000-0000-4000-8000-000000000401,official_hp,https://dogcafe-petitchien.com/,conditional,店内はリードを手に持つか席の脚等に固定・テラス/ロフト席は各6頭まで・マーキング癖がある犬はマナーベルト着用,2026-07-18,aggregated
beef0000-0000-4000-8000-000000000401,blog,https://wankonowa.com/column/dogcafe/1397/,allowed,,2026-07-18,aggregated
beef0000-0000-4000-8000-000000000401,blog,https://petokoto.com/articles/1631,allowed,,2026-07-18,aggregated
beef0000-0000-4000-8000-000000000402,official_hp,https://cafehanatoumi.amebaownd.com/,allowed,,2026-07-18,aggregated
beef0000-0000-4000-8000-000000000402,blog,https://wankonowa.com/column/dogcafe/1397/,allowed,,2026-07-18,aggregated
beef0000-0000-4000-8000-000000000403,blog,https://machida.goguynet.jp/2023/08/27/dogcafeuru/,allowed,,2026-07-18,aggregated
beef0000-0000-4000-8000-000000000403,blog,https://wankonowa.com/column/dogcafe/1397/,allowed,,2026-07-18,aggregated
beef0000-0000-4000-8000-000000000403,blog,https://wan-paku.life/?store=dog-cafe-uru,allowed,,2026-07-18,aggregated
beef0000-0000-4000-8000-000000000404,official_hp,https://oluolu-aina.com/,conditional,テラス同伴可(店内可否の記載なし),2026-07-18,aggregated
beef0000-0000-4000-8000-000000000404,blog,https://wankonowa.com/column/dogcafe/1397/,conditional,テラス同伴可(店内可否の記載なし),2026-07-18,aggregated
beef0000-0000-4000-8000-000000000405,official_hp,https://gbp.minamimachida-grandberrypark.com/special/?cd=000062,conditional,テラス席のみペット同伴可(店内不可),2026-07-18,aggregated
beef0000-0000-4000-8000-000000000405,blog,https://www.inutome.jp/c/column_2-601-41256.html,conditional,外の40席あるテラス席のみペット同伴可・店内不可,2026-07-18,aggregated
beef0000-0000-4000-8000-000000000406,official_hp,https://www.snowpeak.co.jp/news/p20230622/,conditional,テラス席のみペット同伴可(店内不可),2026-07-18,aggregated
beef0000-0000-4000-8000-000000000406,official_hp,https://gbp.minamimachida-grandberrypark.com/special/?cd=000062,conditional,テラス席のみペット同伴可(店内不可),2026-07-18,aggregated
beef0000-0000-4000-8000-000000000406,blog,https://www.inutome.jp/c/column_2-601-41256.html,conditional,テラス席のみペット同伴可・店内不可,2026-07-18,aggregated
beef0000-0000-4000-8000-000000000407,official_hp,https://gbp.minamimachida-grandberrypark.com/special/?cd=000062,conditional,店内の一部エリアとテラス席でペット同伴可(グランベリーパーク内で店内同伴可能な唯一の店舗と紹介),2026-07-18,aggregated
beef0000-0000-4000-8000-000000000407,blog,https://www.inutome.jp/c/column_2-601-41256.html,conditional,店内の一部エリアとテラス席でペット同伴可,2026-07-18,aggregated
beef0000-0000-4000-8000-000000000407,blog,https://denen-city.com/wiredkitchen/,conditional,テラス席で犬と食事できる(店内可否の記載なし),2026-07-18,aggregated
beef0000-0000-4000-8000-000000000408,official_hp,https://gbp.minamimachida-grandberrypark.com/shoptopics/detail/?cd=014626&scd=000212,conditional,テラス席のみペット同伴可,2026-07-18,aggregated
beef0000-0000-4000-8000-000000000408,official_hp,https://gbp.minamimachida-grandberrypark.com/special/?cd=000062,conditional,テラス席のみペット同伴可(店内不可),2026-07-18,aggregated
beef0000-0000-4000-8000-000000000409,official_hp,https://gbp.minamimachida-grandberrypark.com/floor/detail/?cd=000234,conditional,テラス席のみペット同伴可(店内不可),2026-07-18,aggregated
beef0000-0000-4000-8000-000000000409,official_hp,https://gbp.minamimachida-grandberrypark.com/special/?cd=000062,conditional,テラス席のみペット同伴可(店内不可),2026-07-18,aggregated
beef0000-0000-4000-8000-000000000280,blog,https://www.dog-ful.com/places/1210,conditional,テラス席のみ犬同伴可(店内不可),2026-07-18,aggregated
beef0000-0000-4000-8000-000000000280,blog,https://wankonowa.com/column/2970/,conditional,テラスのみ・大型犬OK,2026-07-18,aggregated
beef0000-0000-4000-8000-000000000281,blog,https://mrs.living.jp/tokyo/town_gourmet/reporter/5614146,conditional,テラス席はペット(犬・猫・フェレット等)同伴可,2026-07-18,aggregated
beef0000-0000-4000-8000-000000000281,blog,https://pet-restaurant.com/tokyo-marunouchi-otemachi/,conditional,テラス限定,2026-07-18,aggregated
beef0000-0000-4000-8000-000000000282,blog,https://wankonowa.com/column/2970/,conditional,テラスのみ・大型犬OK,2026-07-18,aggregated
beef0000-0000-4000-8000-000000000282,blog,https://pet-restaurant.com/tokyo-marunouchi-otemachi/,conditional,テラス限定(共用部はキャリー必須),2026-07-18,aggregated
beef0000-0000-4000-8000-000000000283,official_hp,https://lempreinte.foodre.jp/,conditional,テラス席限定・わんちゃん専用ステーキあり,2026-07-18,aggregated
beef0000-0000-4000-8000-000000000283,blog,https://wankonowa.com/column/2970/,conditional,テラスのみ・大型犬OK・ワンコメニューあり,2026-07-18,aggregated
beef0000-0000-4000-8000-000000000283,blog,https://pet-restaurant.com/tokyo-marunouchi-otemachi/,conditional,テラス限定,2026-07-18,aggregated
beef0000-0000-4000-8000-000000000284,official_hp,https://akr3565174053.owst.jp/,conditional,ペット連れはテラス席のみ利用可,2026-07-18,aggregated
beef0000-0000-4000-8000-000000000284,blog,https://wankonowa.com/column/2970/,conditional,テラスのみ・大型犬OK,2026-07-18,aggregated
beef0000-0000-4000-8000-000000000285,official_hp,https://p651619.gorp.jp/,allowed,,2026-07-18,aggregated
beef0000-0000-4000-8000-000000000285,blog,https://pet-restaurant.com/tokyo-kanda-ochanomizu/,conditional,テラス限定,2026-07-18,aggregated
beef0000-0000-4000-8000-000000000286,blog,https://tekuteku.pet/spot-16913.html,conditional,テラス(ウッドデッキ)限定・大型犬もOK,2026-07-18,aggregated
beef0000-0000-4000-8000-000000000286,sns,https://www.instagram.com/p/CnhC7qvvawn/,conditional,わんこテラス席○/わんこ店内×,2026-07-18,aggregated
beef0000-0000-4000-8000-000000000460,official_hp,https://sora0114mako0609.com/dogcafe/,allowed,,2026-07-18,aggregated
beef0000-0000-4000-8000-000000000460,blog,https://www.go-with-pet.com/news_auvelVTDl0_120.html,allowed,,2026-07-18,aggregated
beef0000-0000-4000-8000-000000000461,blog,https://www.honda.co.jp/dog/travel/data/aneanakano/,allowed,,2026-07-18,aggregated
beef0000-0000-4000-8000-000000000461,blog,https://itsumo.dog/5937/,allowed,,2026-07-18,aggregated
beef0000-0000-4000-8000-000000000461,tabelog,https://tabelog.com/en/tokyo/A1319/A131903/13152894/,allowed,,2026-07-18,aggregated
beef0000-0000-4000-8000-000000000462,other,https://www.hotpepper.jp/strJ001009564/,conditional,テラス席のみペット同伴可(店内不可),2026-07-18,aggregated
beef0000-0000-4000-8000-000000000462,blog,https://www.dogrun-dogcafe.com/dogcafe_report/2377,conditional,テラス席のみペット同伴可(店内不可),2026-07-18,aggregated
beef0000-0000-4000-8000-000000000463,other,https://www.city.tokyo-nakano.lg.jp/kanko/machiaruki/gufo.html,allowed,,2026-07-18,aggregated
beef0000-0000-4000-8000-000000000463,tabelog,https://tabelog.com/tokyo/A1321/A132104/13253094/,allowed,,2026-07-18,aggregated
beef0000-0000-4000-8000-000000000464,blog,https://terrace-navi.com/cafe-information/1817,conditional,テラス席のみペット同伴可,2026-07-18,aggregated
beef0000-0000-4000-8000-000000000464,tabelog,https://tabelog.com/en/tokyo/A1319/A131902/13261085/,conditional,テラス席のみペット同伴可(店内不可),2026-07-18,aggregated
beef0000-0000-4000-8000-000000000465,tabelog,https://tabelog.com/tokyo/A1319/A131903/R7059/rstLst/cond10-01-00/cafe/,conditional,店頭のテラス席のみペット同伴可,2026-07-18,aggregated
beef0000-0000-4000-8000-000000000465,other,https://www.hotpepper.jp/strJ001092178/,conditional,テラス席2x2(ペットOK)のみ,2026-07-18,aggregated
beef0000-0000-4000-8000-000000000480,official_hp,https://lamp-oshiage.com/,conditional,テラス席はペット同伴OKと明記(店内可否の記載なし),2026-07-18,aggregated
beef0000-0000-4000-8000-000000000480,other,https://r.gnavi.co.jp/je5ywfpu0000/,conditional,テラス席は犬同伴可(周りの客に配慮し膝上抱っこ)・小型犬は店内も抱っこで利用可・中型犬はテラスのみ・カラーとリード持参必須,2026-07-18,aggregated
beef0000-0000-4000-8000-000000000481,blog,https://www.lemon8-app.com/@chimaki.cafe/7522668274803900934?region=us,allowed,,2026-07-18,aggregated
beef0000-0000-4000-8000-000000000481,blog,https://mrs.living.jp/tokyo/town_gourmet/reporter/6606123,conditional,小〜中型犬までのペット同伴が可能,2026-07-18,aggregated
beef0000-0000-4000-8000-000000000481,other,https://www.hotpepper.jp/strJ003916545/,allowed,,2026-07-18,aggregated
beef0000-0000-4000-8000-000000000482,blog,https://odekake-wanko-bu.com/spot/pennylane/,conditional,テラス席のみ犬同伴可(店内不可)・わんこメニューなし,2026-07-18,aggregated
beef0000-0000-4000-8000-000000000482,blog,https://cocoiitoco.com/bread/pennylane-solamachi/,conditional,店舗外のテラス席であれば犬同伴可・東京ソラマチ館内には入れない(スタッフへの確認に基づく記載),2026-07-18,aggregated
beef0000-0000-4000-8000-000000000483,blog,https://wanwanmedia.com/tokyo-inujyaya/,allowed,,2026-07-18,aggregated
beef0000-0000-4000-8000-000000000483,blog,https://www.go-with-pet.com/news_bZcAT2XN.html,conditional,トイレのしつけ・予防接種・無駄吠えのしつけ必須/ヒート(発情中)の利用不可/リード使用必須/大型犬の利用可,2026-07-18,aggregated
beef0000-0000-4000-8000-000000000484,blog,https://alematin.net/cafewithmydog/,unverified,,2026-07-18,aggregated
beef0000-0000-4000-8000-000000000484,blog,https://yoshiume0702.hatenablog.com/entry/2018/09/24/233135,allowed,,2026-07-18,aggregated
beef0000-0000-4000-8000-000000000200,blog,https://dog-eats.tokyo/a-bridge/,allowed,,2026-07-18,aggregated
beef0000-0000-4000-8000-000000000200,blog,https://pet-restaurant.com/tokyo-sangendyaya/,allowed,,2026-07-18,aggregated
beef0000-0000-4000-8000-000000000200,blog,https://petoria-tokyo.jp/feature/sangenjaya-lunch/,allowed,,2026-07-18,aggregated
beef0000-0000-4000-8000-000000000201,official_hp,https://www.fungo.com/,allowed,,2026-07-18,aggregated
beef0000-0000-4000-8000-000000000201,blog,https://doghuggy.petgo.jp/dogmap/spot/52,conditional,テラス席のみ入店可(店内不可)。大型犬もテラス席なら同条件で可,2026-07-18,aggregated
beef0000-0000-4000-8000-000000000202,tabelog,https://tabelog.com/tokyo/A1317/A131706/13013741/,allowed,,2026-07-18,aggregated
beef0000-0000-4000-8000-000000000202,blog,https://pet-restaurant.com/tokyo-sangendyaya/,conditional,テラス席のみ犬同伴可(店内不可),2026-07-18,aggregated
beef0000-0000-4000-8000-000000000203,blog,https://pet-restaurant.com/tokyo-sangendyaya/,conditional,店内は扉が開いている時のみ犬同伴可,2026-07-18,aggregated
beef0000-0000-4000-8000-000000000203,blog,https://inunavi.plan-b.co.jp/inucafe_sangenjaya/,conditional,店内の一部の席のみ犬同伴可,2026-07-18,aggregated
beef0000-0000-4000-8000-000000000204,official_hp,https://ggs6200.gorp.jp/,allowed,,2026-07-18,aggregated
beef0000-0000-4000-8000-000000000204,blog,https://petokoto.com/articles/2714,allowed,,2026-07-18,aggregated
beef0000-0000-4000-8000-000000000204,blog,https://mofmofwalker.com/going-with-dogs/%E4%B8%8B%E5%8C%97%E6%B2%A2%E3%81%AE%E3%82%AA%E3%82%A2%E3%82%B7%E3%82%B9%EF%BC%81cafe-garage-dogberry%EF%BC%88%E3%83%89%E3%83%83%E3%82%B0%E3%83%99%E3%83%AA%E3%83%BC%EF%BC%89%E3%81%AE%E9%AD%85%E5%8A%9B/,allowed,,2026-07-18,aggregated
beef0000-0000-4000-8000-000000000204,blog,https://pet-platform.jp/2021/03/31/20210331/,conditional,ドッグカフェではないため犬用の特別メニュー等は無し,2026-07-18,aggregated
beef0000-0000-4000-8000-000000000205,blog,https://dog-eats.tokyo/tagcafe/,allowed,,2026-07-18,aggregated
beef0000-0000-4000-8000-000000000205,blog,https://petokoto.com/articles/2714,allowed,,2026-07-18,aggregated
beef0000-0000-4000-8000-000000000206,blog,https://dog-eats.tokyo/oribe/,conditional,テラス席のみ犬同伴可(店内は器の展示販売エリアのため不可),2026-07-18,aggregated
beef0000-0000-4000-8000-000000000206,blog,https://petokoto.com/articles/2714,conditional,テラス席のみ犬同伴可(店内不可),2026-07-18,aggregated
beef0000-0000-4000-8000-000000000207,blog,https://petokoto.com/articles/2714,conditional,テラス席のみ犬同伴可(店内不可)。大型犬も同伴可,2026-07-18,aggregated
beef0000-0000-4000-8000-000000000207,blog,https://wannyan-times.com/shimokitazawa-dogcafe/,conditional,テラス席のみ犬同伴可(店内不可),2026-07-18,aggregated
beef0000-0000-4000-8000-000000000320,official_hp,https://sharkcoffee.store/pages/dog_menu,allowed,,2026-07-18,aggregated
beef0000-0000-4000-8000-000000000320,blog,https://wankonowa.com/column/dogcafe/1351/,conditional,店内・テラスのソファー席以外は犬同伴可・大型犬は不可,2026-07-18,aggregated
beef0000-0000-4000-8000-000000000320,blog,https://www.hirorocafe.com/entry/2023/04/14/%E6%B8%8B%E8%B0%B7%E3%80%8CSHARK_COFFEE%EF%BC%88%E3%82%B7%E3%83%A3%E3%83%BC%E3%82%AF%E3%82%B3%E3%83%BC%E3%83%92%E3%83%BC%EF%BC%89%E3%80%8D%E3%80%9C%E7%8A%AC%E5%90%8C%E4%BC%B4OK%E3%81%AA%E3%83%B4%E3%82%A3,allowed,,2026-07-18,aggregated
beef0000-0000-4000-8000-000000000321,blog,https://odekake-wanko-bu.com/spot/zarinkinguamerikandaina/,allowed,,2026-07-18,aggregated
beef0000-0000-4000-8000-000000000321,blog,https://wankonowa.com/column/dogcafe/1351/,conditional,店内のみ(テラス言及なし)・大型犬不可(odekake-wanko-buは大型犬もOKと記載しており対立),2026-07-18,aggregated
beef0000-0000-4000-8000-000000000322,blog,https://wankonowa.com/column/dogcafe/1351/,conditional,店内全席OK・大型犬不可・予約はインスタのみ,2026-07-18,aggregated
beef0000-0000-4000-8000-000000000322,blog,https://popdish.jp/column/%E8%8A%B8%E8%83%BD%E4%BA%BA%E3%82%82%E9%80%9A%E3%81%86%E5%AE%8C%E5%85%A8%E4%BA%88%E7%B4%84%E5%88%B6%E3%81%AE%E3%81%8A%E3%81%97%E3%82%83%E3%82%8C%E3%82%AB%E3%83%95%E3%82%A7whitely-cafe%EF%BC%88/,allowed,,2026-07-18,aggregated
beef0000-0000-4000-8000-000000000323,blog,https://wankonowa.com/column/dogcafe/1351/,conditional,店内のみ(3階)・大型犬不可,2026-07-18,aggregated
beef0000-0000-4000-8000-000000000323,tabelog,https://tabelog.com/en/tokyo/A1303/A130301/13156028/,allowed,,2026-07-18,aggregated
beef0000-0000-4000-8000-000000000324,blog,https://wankonowa.com/column/dogcafe/1351/,allowed,,2026-07-18,aggregated
beef0000-0000-4000-8000-000000000324,blog,https://itsumo.dog/6379/,allowed,,2026-07-18,aggregated
beef0000-0000-4000-8000-000000000324,blog,https://www.tesseland.jp/news/2938,allowed,Dogサロン併設カフェとして紹介(住所表記は桜丘町16-15で他出典の7-13と相違あり・要確認),2026-07-18,aggregated
beef0000-0000-4000-8000-000000000325,blog,https://wankonowa.com/column/dogcafe/1351/,allowed,,2026-07-18,aggregated
beef0000-0000-4000-8000-000000000325,blog,https://shibuyaku2shin.com/archives/23579935.html,allowed,,2026-07-18,aggregated
beef0000-0000-4000-8000-000000000326,blog,https://wankonowa.com/column/dogcafe/1351/,conditional,テラス席のみ犬同伴可・大型犬は要確認,2026-07-18,aggregated
beef0000-0000-4000-8000-000000000326,sns,https://www.instagram.com/p/DHmowu0TZgV/,conditional,投稿で「テラス席は犬同伴OK」と明記,2026-07-18,aggregated
beef0000-0000-4000-8000-000000000327,blog,https://wankonowa.com/column/dogcafe/1351/,allowed,,2026-07-18,aggregated
beef0000-0000-4000-8000-000000000327,tabelog,https://tabelog.com/en/tokyo/A1303/A130301/13178629/,allowed,,2026-07-18,aggregated
beef0000-0000-4000-8000-000000000328,official_hp,https://gay3100.gorp.jp/,allowed,詳細はお問い合わせくださいとの記載のみ(店内/テラスの区別なし),2026-07-18,aggregated
beef0000-0000-4000-8000-000000000328,other,https://www.hotpepper.jp/strJ001009030/appearance/,conditional,開放的なテラス席でワンちゃん連れ歓迎と明記(店内可否の記載なし),2026-07-18,aggregated
beef0000-0000-4000-8000-000000000329,blog,https://wankonowa.com/column/dogcafe/1351/,conditional,個室のみ犬同伴可・大型犬OK・予約推奨,2026-07-18,aggregated
beef0000-0000-4000-8000-000000000329,tabelog,https://tabelog.com/en/tokyo/A1303/A130301/13257077/,conditional,個室のみペット同伴可と明記,2026-07-18,aggregated
beef0000-0000-4000-8000-000000000220,blog,https://www.dog-cafe-life.saikisyoji.com/2023/05/%E3%80%90%E3%83%8F%E3%83%BC%E3%83%99%E3%82%B9%E3%83%86%E3%83%A9%E3%82%B9%E3%80%91%E5%93%81%E5%B7%9D%E3%81%AE%E3%83%86%E3%83%A9%E3%82%B9%E3%83%9A%E3%83%83%E3%83%88ok%E3%81%AE%E3%82%AB%E3%83%95%E3%82%A7/,conditional,テラス席（吹き抜け）で犬同伴可能と紹介。店内可否の記載なし,2026-07-18,aggregated
beef0000-0000-4000-8000-000000000220,blog,https://odekake-wanko-bu.com/tokyo-dogok-cafe/,conditional,品川エリアのペット可カフェ一覧で「テラス席のみ」と分類,2026-07-18,aggregated
beef0000-0000-4000-8000-000000000220,blog,https://petoria-tokyo.jp/feature/shinagawa-lunch/,conditional,犬連れランチスポット一覧で「テラス席のみOK」と明記（住所確認済み）,2026-07-18,aggregated
beef0000-0000-4000-8000-000000000221,official_hp,https://obica.jp/pages/takanawa,conditional,公式サイトに「テラス席ワンちゃんOK」と明記,2026-07-18,aggregated
beef0000-0000-4000-8000-000000000221,blog,https://www.dog-cafe-life.saikisyoji.com/2023/02/%E3%80%90%E3%82%AA%E3%83%BC%E3%83%93%E3%82%AB-%E3%83%A2%E3%83%83%E3%83%84%E3%82%A1%E3%83%AC%E3%83%A9%E3%83%90%E3%83%BC%E3%80%91%E5%93%81%E5%B7%9D%E3%81%AE%E3%83%86%E3%83%A9%E3%82%B9%E3%83%9A%E3%83%83/,conditional,「テラスペットOK」と明記。店内可否の記載なし,2026-07-18,aggregated
beef0000-0000-4000-8000-000000000221,blog,https://cafe-doggy.com/shinagawa1/,conditional,高輪口エリアの一覧で「テラス席のみペット可」と記載,2026-07-18,aggregated
beef0000-0000-4000-8000-000000000222,other,https://gh12904.gorp.jp/,conditional,店舗ページに「ペット同伴OK ※詳細はお問い合わせください」と記載（テラス限定かは明記なし）,2026-07-18,aggregated
beef0000-0000-4000-8000-000000000222,blog,https://petoria-tokyo.jp/feature/shinagawa-lunch/,conditional,犬連れランチスポット一覧で「テラス席のみOK」と明記,2026-07-18,aggregated
beef0000-0000-4000-8000-000000000223,blog,https://inuyume.com/aux-bacchanales-takanawa/,conditional,「テラスのみ（天井あり。雨の日〇）」と明記。店内は不可扱い,2026-07-18,aggregated
beef0000-0000-4000-8000-000000000223,blog,https://cafe-doggy.com/shinagawa1/,conditional,高輪口エリアの一覧で「テラス犬可」と記載,2026-07-18,aggregated
beef0000-0000-4000-8000-000000000223,blog,https://petoria-tokyo.jp/feature/shinagawa-lunch/,conditional,犬連れランチスポット一覧で「テラス席のみOK」と明記,2026-07-18,aggregated
beef0000-0000-4000-8000-000000000224,blog,https://wanico.jp/spots/d/5315,conditional,「店内：不可／テラス：大型犬・中型犬・小型犬いずれも同伴可」と明記,2026-07-18,aggregated
beef0000-0000-4000-8000-000000000224,blog,https://odekake-wanko-bu.com/tokyo-dogok-cafe/,conditional,品川エリアのペット可カフェ一覧で「テラス席のみ」と分類,2026-07-18,aggregated
beef0000-0000-4000-8000-000000000225,blog,https://petoria-tokyo.jp/feature/shinagawa-lunch/,conditional,犬連れランチスポット一覧で「テラス席のみOK」と明記（住所確認済み）,2026-07-18,aggregated
beef0000-0000-4000-8000-000000000225,blog,https://cafe-doggy.com/shinagawa1/,conditional,港南口エリアの一覧で「テラスペット可」と記載,2026-07-18,aggregated
beef0000-0000-4000-8000-000000000226,blog,https://petoria-tokyo.jp/feature/shinagawa-lunch/,conditional,「ランチタイムのテラス席のみOK（小型〜中型犬のみ可、大型犬不可）」と明記,2026-07-18,aggregated
beef0000-0000-4000-8000-000000000226,official_hp,https://www.los-angeles-balcony.com/,conditional,公式サイトに「【ランチタイム】ワンちゃんと過ごせるテラス席」というお知らせ記事あり（詳細条件は本文に記載なし）,2026-07-18,aggregated
beef0000-0000-4000-8000-000000000227,official_hp,http://www.oimachi-tracks.com/en/enjoy/pet/,conditional,施設公式ページに「緑に囲まれた開放的なテラス席は、ペット同伴も可能です」と明記（2F NATURE&MEAT GROVE PARK VIEW）,2026-07-18,aggregated
beef0000-0000-4000-8000-000000000227,blog,https://k-protopia.com/5357-2/,conditional,施設内店舗の内訳紹介で「2F NATURE&MEAT GROVE PARK VIEW：テラス席のみ」と記載,2026-07-18,aggregated
beef0000-0000-4000-8000-000000000228,official_hp,http://www.oimachi-tracks.com/en/enjoy/pet/,conditional,施設公式ページに「ペットと一緒にテラスでお楽しみいただけます」と明記（3F les joues de bébé）,2026-07-18,aggregated
beef0000-0000-4000-8000-000000000228,blog,https://k-protopia.com/5357-2/,conditional,施設内店舗の内訳紹介で「3F les joues de bébé：テラス席のみ」と記載,2026-07-18,aggregated
beef0000-0000-4000-8000-000000000260,official_hp,https://www.kimptonshinjuku.com/tokyo-restaurants/the-jones/,conditional,"公式サイトに「At District – Brasserie, Bar, Lounge and The Jones Café | Bar, we welcome up to 4 pets maximum per reservation.」と明記(1予約4頭まで)。テラス限定の記載はなし。",2026-07-18,aggregated
beef0000-0000-4000-8000-000000000260,blog,https://odekake-wanko-bu.com/spot/the-jones-cafe-%EF%BC%86-bar/,conditional,店内でワンちゃん同伴可・大型犬まで対応・1組4頭まで・カフェマット持参が必要,2026-07-18,aggregated
beef0000-0000-4000-8000-000000000260,blog,https://wankonowa.com/column/dogcafe/1361/,conditional,店内のみ犬同伴可・大型犬OK・1組最大4匹・愛犬用メニューありと紹介(公式は正式メニューはなくボーンクッキーのみと案内しており記載に差がある),2026-07-18,aggregated
beef0000-0000-4000-8000-000000000261,official_hp,https://www.kimptonshinjuku.com/tokyo-restaurants/%E3%83%87%E3%82%A3%E3%82%B9%E3%83%88%E3%83%AA%E3%82%AF%E3%83%88-%E3%83%96%E3%83%A9%E3%83%83%E3%82%B9%E3%83%AA%E3%83%BC%E3%83%90%E3%83%BC%E3%83%BB%E3%83%A9%E3%82%A6%E3%83%B3%E3%82%B8-%E6%9D%B1%E4%BA%AC/,conditional,公式サイトに「we welcome your pets to our terrace and lounge area」「up to 4 pets maximum per reservation」と明記。犬同伴はテラス+ラウンジエリアに限定。,2026-07-18,aggregated
beef0000-0000-4000-8000-000000000261,blog,https://petokoto.com/articles/845,conditional,店内・テラス席で同伴可能・大型犬も同伴可と紹介(公式のラウンジ限定という条件より広い書き方で、記載に差がある),2026-07-18,aggregated
beef0000-0000-4000-8000-000000000262,blog,https://wankonowa.com/column/dogcafe/1361/,conditional,店内・テラス可、大型犬OK、カフェマットを敷けば椅子やソファーに乗せても大丈夫,2026-07-18,aggregated
beef0000-0000-4000-8000-000000000262,blog,https://inunavi.plan-b.co.jp/inucafe_shinjuku/,conditional,店内席で同伴可能,2026-07-18,aggregated
beef0000-0000-4000-8000-000000000262,blog,https://petokoto.com/articles/845,conditional,店内席で可能、大型犬も同伴可,2026-07-18,aggregated
beef0000-0000-4000-8000-000000000262,blog,https://daily-shinjuku.tokyo/2019/07/10/shinjuku-bowls-cafe/,conditional,「ワンちゃんと一緒に入れるテラス席」があると紹介(店内条件の詳細記載はなし),2026-07-18,aggregated
beef0000-0000-4000-8000-000000000263,blog,https://dog-eats.tokyo/armwoodcottage/,allowed,,2026-07-18,aggregated
beef0000-0000-4000-8000-000000000263,blog,https://wankonowa.com/column/dogcafe/1361/,conditional,店内・テラス可、大型犬不可,2026-07-18,aggregated
beef0000-0000-4000-8000-000000000263,blog,https://petokoto.com/articles/845,conditional,店内(一部)・テラス席で可能、大型犬も同伴可,2026-07-18,aggregated
beef0000-0000-4000-8000-000000000263,blog,https://inunavi.plan-b.co.jp/inucafe_shinjuku/,conditional,店内・テラス可、大型犬も同伴可、犬用メニューあり,2026-07-18,aggregated
beef0000-0000-4000-8000-000000000263,tabelog,https://tabelog.com/tokyo/A1304/A130402/13041657/,conditional,「ペットwelcomeです!!わんちゃんと一緒のパーティーやお食事はいかがですか？」と記載。テラスと秘密のロフト部屋ありと紹介。同伴希望は予約時に備考欄へ記載必要。,2026-07-18,aggregated
beef0000-0000-4000-8000-000000000264,blog,https://wankonowa.com/column/dogcafe/1361/,conditional,店内一階席のみ利用可能,2026-07-18,aggregated
beef0000-0000-4000-8000-000000000264,tabelog,https://tabelog.com/en/tokyo/A1304/A130402/13203391/,conditional,"""Pet friendly (Good for pets)""、備考欄に""Pets are allowed on the first floor only""と明記",2026-07-18,aggregated
beef0000-0000-4000-8000-000000000265,blog,https://petoria-tokyo.jp/feature/shin-okubo-lunch/,conditional,「ペット同伴は、開放的なテラス席で可能です」と明記。テラス席は間隔が広くカート利用もしやすいと紹介。大型犬可否の明記なし。,2026-07-18,aggregated
beef0000-0000-4000-8000-000000000266,blog,https://petokoto.com/articles/845,conditional,テラス席のみ、大型犬も同伴可(単独出典・公式サイトでは犬同伴に関する記載を確認できず),2026-07-18,aggregated
beef0000-0000-4000-8000-000000000267,official_hp,https://decoetdeco.p-kit.com/,conditional,「ペットとご一緒にくつろげるアットホームな空間を目指しています」と明記。トイプードルの看板犬「デコポン」店長が在籍。大型犬可否の明記なし。,2026-07-18,aggregated
beef0000-0000-4000-8000-000000000267,blog,https://petokoto.com/articles/845,conditional,店内席で同伴可能、犬用メニューあり、大型犬は要確認と紹介,2026-07-18,aggregated
beef0000-0000-4000-8000-000000000380,blog,https://petoria-tokyo.jp/feature/showakinenpark-lunch/,conditional,テラス席のみペット同伴可(店内不可)・GREEN SPRINGSの緑と芝生に囲まれた開放感ある屋外空間,2026-07-18,aggregated
beef0000-0000-4000-8000-000000000381,official_hp,https://greensprings.jp/shop/sestina/,conditional,テラス席のみペット可。店内の座席(30席)ではペットの同伴は不可,2026-07-18,aggregated
beef0000-0000-4000-8000-000000000381,tabelog,https://tabelog.com/tokyo/A1329/A132901/13249176/dtlrvwlst/B507881613/?followee_only=false,conditional,屋外席(テラス席)なら愛犬同伴可能・店内は不可,2026-07-18,aggregated
beef0000-0000-4000-8000-000000000381,blog,https://petoria-tokyo.jp/feature/showakinenpark-lunch/,conditional,屋外テラスのみ可・同伴者が席で待機する必要あり,2026-07-18,aggregated
beef0000-0000-4000-8000-000000000382,blog,https://petoria-tokyo.jp/feature/showakinenpark-lunch/,conditional,テラス席は8席設けられておりペット連れの場合はこちらに案内される,2026-07-18,aggregated
beef0000-0000-4000-8000-000000000383,blog,https://petokoto.com/articles/1633,conditional,テラス席が犬同伴可能なイタリア料理店。天気のいい日には樽状のテーブルで食事可,2026-07-18,aggregated
beef0000-0000-4000-8000-000000000384,blog,https://petokoto.com/articles/1633,conditional,テラス席が犬同伴可のイタリアンレストラン,2026-07-18,aggregated
beef0000-0000-4000-8000-000000000385,official_hp,https://syoeizushi.com/,allowed,,2026-07-18,aggregated
beef0000-0000-4000-8000-000000000385,blog,https://iine-tachikawa.net/topics/67678/,allowed,,2026-07-18,aggregated
beef0000-0000-4000-8000-000000000386,official_hp,https://outdoorvillage.tokyo/facility/,conditional,ハーベステラスはテラス席のみご利用いただけます,2026-07-18,aggregated
beef0000-0000-4000-8000-000000000386,blog,https://corgi-komugi.com/harvesterrace_akishima/,conditional,テラス席のみペット可(リード着用必須),2026-07-18,aggregated
beef0000-0000-4000-8000-000000000300,blog,https://wankonowa.com/column/2441/,allowed,,2026-07-18,aggregated
beef0000-0000-4000-8000-000000000300,other,https://petlife.asia/petcafe/33/,conditional,大型犬は応相談・事前に必ずご相談ください。飼い主が犬をしっかりコントロールすること。,2026-07-18,aggregated
beef0000-0000-4000-8000-000000000301,blog,https://wankonowa.com/column/2441/,conditional,大型犬同伴の可否は要確認(記事内に明記なし),2026-07-18,aggregated
beef0000-0000-4000-8000-000000000301,blog,https://visitingcafe.com/%E3%80%90%E4%B8%8A%E9%87%8E%E3%80%80nagi%E3%80%91%E6%9C%9D%E6%B4%BB%E3%81%AB%E3%82%82%E6%9C%80%E9%81%A9%EF%BC%81%E3%82%A4%E3%83%B3%E3%82%B9%E3%82%BF%E6%98%A0%E3%81%88%E3%82%B9%E3%82%A4%E3%83%BC/,conditional,抱っこ・床置き・バッグ内に限り同伴可(ベビーカー不可),2026-07-18,aggregated
beef0000-0000-4000-8000-000000000302,official_hp,https://shop.create-restaurants.co.jp/0941/,conditional,テラスのみペット可(ワンちゃん同伴可能な開放感あるオープンテラス),2026-07-18,aggregated
beef0000-0000-4000-8000-000000000302,blog,https://wankonowa.com/column/2441/,conditional,テラス席で大型犬も同伴可(店内可否は本記事に明記なし),2026-07-18,aggregated
beef0000-0000-4000-8000-000000000302,blog,https://inunavi.plan-b.co.jp/inucafe_ueno/,conditional,テラス席のみ犬同伴可,2026-07-18,aggregated
beef0000-0000-4000-8000-000000000303,blog,https://wankonowa.com/column/2441/,conditional,テラス席で大型犬も同伴可(店内可否は本記事に明記なし),2026-07-18,aggregated
beef0000-0000-4000-8000-000000000303,blog,https://inunavi.plan-b.co.jp/inucafe_ueno/,conditional,テラス席のみ犬同伴可,2026-07-18,aggregated
beef0000-0000-4000-8000-000000000303,other,https://www.ozmall.co.jp/restaurant/7139/,conditional,店内席に加えペットと食事を楽しめるテラス席を用意(店舗からのお知らせとして掲載),2026-07-18,aggregated
beef0000-0000-4000-8000-000000000304,blog,https://wankonowa.com/column/2441/,conditional,テラス席で大型犬も同伴可(店内可否は本記事に明記なし),2026-07-18,aggregated
beef0000-0000-4000-8000-000000000304,blog,https://inunavi.plan-b.co.jp/inucafe_ueno/,conditional,テラス席のみ犬同伴可,2026-07-18,aggregated
beef0000-0000-4000-8000-000000000304,other,https://doghuggy.petgo.jp/dogmap/spot/471,conditional,小型犬はテラス席のみ可。リード用ポール・ペット用クッションを設置(ドッグメニュー・お水サービスなし),2026-07-18,aggregated
beef0000-0000-4000-8000-000000000305,blog,https://pet-restaurant.com/tokyo-nezu-sendagi-yanaka/,conditional,テラス席のみ,2026-07-18,aggregated
beef0000-0000-4000-8000-000000000305,blog,https://dogdog.site/hagicafe/,conditional,テラス席のみペット同伴可(ドッグカフェではない),2026-07-18,aggregated
beef0000-0000-4000-8000-000000000306,official_hp,https://hotelgraphy-nezu.foodre.jp/,conditional,テラスのみペット可(ワンちゃんと一緒に過ごせるテラス席を完備),2026-07-18,aggregated
beef0000-0000-4000-8000-000000000307,blog,https://aumo.jp/articles/5425486,allowed,,2026-07-18,aggregated
beef0000-0000-4000-8000-000000000307,other,https://doghuggy.petgo.jp/dogmap/spot/478,conditional,テラス席では犬同伴可(店内可否は本ページに明記なし),2026-07-18,aggregated
